,Location,Operation_years,Type,Industry,Text,clean_text
0,3,2,2,292,지자체 및 공공기관에서 성장(프로그램) 가동이 절실 필요함,지자체 및 공공기관에서 성장 프로그램  가동이 절실 필요함
1,1,1,2,264,인력 및 경험이 부족한 초기 기업의 부담을 줄어주는 정책 입안 및 실행 방식에 대한 고민이 필요함. 적은 지원금액을 받기 위해 기업의 신청서 및 자료 제출 등 절차가 복잡하고 업무가 과중함.,인력 및 경험이 부족한 초기 기업의 부담을 줄어주는 정책 입안 및 실행 방식에 대한 고민이 필요함  적은 지원금액을 받기 위해 기업의 신청서 및 자료 제출 등 절차가 복잡하고 업무가 과중함 
2,3,1,4,32,초기 기업은 판매 성과나 기업의 구성이 많이 부족한것이 사실입니다. 이에 제품의 우수성과 성장 가능성에 대하여 평가하고 이에 대하여 투자가 될 수 있도록 지원하여야 할것입니다.,초기 기업은 판매 성과나 기업의 구성이 많이 부족한것이 사실입니다  이에 제품의 우수성과 성장 가능성에 대하여 평가하고 이에 대하여 투자가 될 수 있도록 지원하여야 할것입니다 
3,1,6,2,222,"자금지원,인력지원",자금지원 인력지원
4,1,5,2,741,사회적 기업에 대해 자금지원 정책이 없어져서 다시 활성화 바람,사회적 기업에 대해 자금지원 정책이 없어져서 다시 활성화 바람
5,1,5,2,284,판로지원 및 일자리제공 확대,판로지원 및 일자리제공 확대
6,1,4,2,721,판로개척 및 인력지원 확대,판로개척 및 인력지원 확대
7,2,5,2,281,저금리 자금지원 확대,저금리 자금지원 확대
8,5,4,2,424,연구개발비 자금지원 확대,연구개발비 자금지원 확대
9,3,5,2,721,"인력지원,마케팅지원 확대",인력지원 마케팅지원 확대
10,3,5,2,241,기술 지원 및 저금리 자금 지원,기술 지원 및 저금리 자금 지원
11,4,5,2,423,인력지원 확대,인력지원 확대
12,1,4,2,729,인건비 지원,인건비 지원
13,5,5,3,462,자금지원,자금지원
14,1,4,2,292,담보나 기업신용도를 낮추어 자금지원 확대바람,담보나 기업신용도를 낮추어 자금지원 확대바람
15,1,5,2,204,판로개척 지원 확대,판로개척 지원 확대
16,3,5,4,201,사회적 기업의 제품을 공공기관에서 공공거래 활성화 필요,사회적 기업의 제품을 공공기관에서 공공거래 활성화 필요
17,1,4,2,320,정책자금 지원 확대,정책자금 지원 확대
18,2,4,2,741,"자금지원, 인력지원 확대",자금지원  인력지원 확대
19,1,3,1,202,자금 지원,자금 지원
20,3,3,4,383,인력지원이나 저금리 자금지원확대,인력지원이나 저금리 자금지원확대
21,2,3,4,529,안정적인 일자리 지원,안정적인 일자리 지원
22,3,3,4,742,"편리한 접근성, 절차 간소화 필요",편리한 접근성  절차 간소화 필요
23,4,3,4,581,자금 지원,자금 지원
24,1,3,4,319,기술인력 지원과 판로개척 확대,기술인력 지원과 판로개척 확대
25,3,3,4,472,저금리 자금지원 확대,저금리 자금지원 확대
26,3,3,4,941,"대외적으로 사회적기업 홍보 필요,사이트,메뉴얼 등 접근성 쉽게 개선 필요",대외적으로 사회적기업 홍보 필요 사이트 메뉴얼 등 접근성 쉽게 개선 필요
27,1,3,4,464,회사 홍보할 수 있는 기회 제공,회사 홍보할 수 있는 기회 제공
28,4,3,4,107,"자금,맞춤형 지원",자금 맞춤형 지원
29,3,2,1,132,자금지원,자금지원
30,4,2,4,949,자금 지원,자금 지원
31,3,2,1,582,자금,자금
32,3,2,4,949,자금지원. 판로개척,자금지원  판로개척
33,5,2,4,949,자금지원 확대,자금지원 확대
34,3,2,1,472,장애인의 인재 풀이 많으면 좋겠다.소개시스템 필요함,장애인의 인재 풀이 많으면 좋겠다 소개시스템 필요함
35,3,1,1,311,자금지원,자금지원
36,1,1,1,339,인력 인건비 지원,인력 인건비 지원
37,4,1,1,478,"자금지원, 판로지원",자금지원  판로지원
38,1,1,1,721,판로지원,판로지원
39,1,1,1,582,자금,자금
40,1,1,1,383,자금지원,자금지원
41,1,1,1,284,"판로 개척,자금 지원",판로 개척 자금 지원
42,4,1,1,701,자금지원,자금지원
43,1,1,1,949,사업자금지원,사업자금지원
44,1,1,1,631,인프라구축,인프라구축
45,1,1,1,620,자금 조달 지원,자금 조달 지원
46,1,1,1,639,자금,자금
47,3,1,1,339,자금 지원,자금 지원
48,3,1,1,291,자금 지원,자금 지원
49,2,4,2,529,판로확대 및 인력지원 제공,판로확대 및 인력지원 제공
50,2,4,2,702,정부지원금 완화,정부지원금 완화
51,2,4,2,753,인력지원 확대,인력지원 확대
52,2,4,2,462,현장맞춤형 지원제도 전환,현장맞춤형 지원제도 전환
53,1,4,2,912,자금지원,자금지원
54,1,4,2,381,인건비 지원,인건비 지원
55,1,4,2,259,"사회적 기업이 지원 범위 좁다,자금지원 확대",사회적 기업이 지원 범위 좁다 자금지원 확대
56,1,4,2,284,"시설운영자금, 인건비 지원, 기술개발지원 확대",시설운영자금  인건비 지원  기술개발지원 확대
57,1,4,2,421,사업아이템에 대한 전문적 지식과 회사 내 우수인력 양성이 반드시 필요함,사업아이템에 대한 전문적 지식과 회사 내 우수인력 양성이 반드시 필요함
58,1,5,2,759,자금,자금
59,2,4,2,742,판로 개척,판로 개척
60,1,5,2,179,자금 저리 대출,자금 저리 대출
61,2,4,2,107,개개의 소셜벤처들의 특징을 살린 비즈니스 모델 개발... 또는 육성을 위한 전담 멘트링 같은 것이 필요하지 않을까 생각드네요,개개의 소셜벤처들의 특징을 살린 비즈니스 모델 개발  또는 육성을 위한 전담 멘트링 같은 것이 필요하지 않을까 생각드네요
62,2,4,2,463,전문인력 지원 확대,전문인력 지원 확대
63,2,4,2,382,인력지원 및 자금지원 확대,인력지원 및 자금지원 확대
64,1,4,2,581,자금 지원,자금 지원
65,5,4,2,412,자금지원,자금지원
66,4,4,2,620,판로개척,판로개척
67,1,4,2,721,기술인력 지원,기술인력 지원
68,2,4,2,751,운영자금,운영자금
69,4,4,2,259,인력 지원,인력 지원
70,3,4,2,463,자금지원,자금지원
71,1,4,2,284,자금,자금
72,2,4,4,102,인건비 지원,인건비 지원
73,4,4,4,465,"홍보, 인력, 자금",홍보  인력  자금
74,2,4,2,742,자금 지원,자금 지원
75,2,4,2,871,요식행위보다 실질적인 행위에 좀 더 주안점을 두고 사업등을 진행할 수 있도록 제도의 평가 시스템을 합리적으로 구축하여야 한다.,요식행위보다 실질적인 행위에 좀 더 주안점을 두고 사업등을 진행할 수 있도록 제도의 평가 시스템을 합리적으로 구축하여야 한다 
76,4,4,4,103,인력 지원,인력 지원
77,1,4,2,742,자금,자금
78,5,4,3,108,자금 지원,자금 지원
79,4,4,2,271,인력,인력
80,1,4,2,222,자금,자금
81,4,4,4,102,자금 지원,자금 지원
82,4,4,4,682,인력제공,인력제공
83,4,4,2,857,인건비 지원,인건비 지원
84,1,4,2,319,"인력,자금",인력 자금
85,1,4,2,582,판로확보 및 마케팅지원 필요,판로확보 및 마케팅지원 필요
86,1,4,2,141,사회적 기업 제품 구매 의무화,사회적 기업 제품 구매 의무화
87,1,4,2,872,인력지원,인력지원
88,1,4,2,204,"자금,인력 판로",자금 인력 판로
89,1,4,2,582,소셜벤처기업 산자부나 중기부에서 지원해야한다,소셜벤처기업 산자부나 중기부에서 지원해야한다
90,2,4,4,103,판로,판로
91,1,4,2,107,벤처기업 자금지원,벤처기업 자금지원
92,3,4,2,742,입찰시 경쟁력있는 민간업체와의 비교는 하면 안된다. 자금지원 확대,입찰시 경쟁력있는 민간업체와의 비교는 하면 안된다  자금지원 확대
93,2,4,2,467,운영자금,운영자금
94,1,4,2,423,아웃트라인에 들어선 기업은 자금지원,아웃트라인에 들어선 기업은 자금지원
95,4,4,2,751,자금 지원,자금 지원
96,1,4,2,144,사회적 기업에 대한 공공기관 인식부족으로 홍보 필요함,사회적 기업에 대한 공공기관 인식부족으로 홍보 필요함
97,1,4,2,464,"판로, 자금",판로  자금
98,4,4,2,107,판로개척 지원,판로개척 지원
99,2,4,2,103,"자금, 인력",자금  인력
100,3,4,2,464,인건비 자금지원,인건비 자금지원
101,2,4,2,101,자금 지원,자금 지원
102,1,4,2,901,"인력, 자금",인력  자금
103,4,4,4,284,"판로개척 지원,사회적 기업에게 공공기관은 매입 의무화",판로개척 지원 사회적 기업에게 공공기관은 매입 의무화
104,3,4,2,423,인력 지원,인력 지원
105,1,4,2,179,"홍보,마케팅 지원 확대",홍보 마케팅 지원 확대
106,1,4,2,285,"자금 지원, 인력 지원 확대",자금 지원  인력 지원 확대
107,5,4,3,949,기술정보공유 확대,기술정보공유 확대
108,5,4,4,681,인력지원,인력지원
109,2,4,4,463,정부보조금 지원기간 완화바람,정부보조금 지원기간 완화바람
110,3,4,4,103,인력지원 및 정부지원금 상향 조정 바람,인력지원 및 정부지원금 상향 조정 바람
111,3,4,4,103,자금지원 확대,자금지원 확대
112,4,4,4,103,소셜벤처기업 지속성을 위해 장기고용장려금 지원바람,소셜벤처기업 지속성을 위해 장기고용장려금 지원바람
113,4,5,3,281,자금 지원 확대,자금 지원 확대
114,5,4,4,111,소셜벤처에 대해 모르는 사람이 많으니 홍보 확대,소셜벤처에 대해 모르는 사람이 많으니 홍보 확대
115,1,4,3,181,"장애인을 고용하다보니 일반기업보다 규모작고 생산성 품질 떨어지므로 기술력있는 근로자 지원 필요,교육,훈련 지원",장애인을 고용하다보니 일반기업보다 규모작고 생산성 품질 떨어지므로 기술력있는 근로자 지원 필요 교육 훈련 지원
116,5,4,4,857,서비스업도 기업대출을 쉽게 받을 수 있도록 규제 완화 바람,서비스업도 기업대출을 쉽게 받을 수 있도록 규제 완화 바람
117,4,4,2,103,자금지원,자금지원
118,2,4,2,383,"판로개척, 자금지원 확대",판로개척  자금지원 확대
119,3,4,2,751,판로시 우선계약조건 (사회적기업우선계약),판로시 우선계약조건  사회적기업우선계약 
120,4,4,2,103,저금리로 자금지원 확대,저금리로 자금지원 확대
121,1,4,2,969,"자금지원, 인력지원 확대",자금지원  인력지원 확대
122,3,4,3,134,판로개척 및 자금지원 확대,판로개척 및 자금지원 확대
123,1,4,2,741,인력지원 및 저금리 자금지원 확대,인력지원 및 저금리 자금지원 확대
124,3,4,4,467,자금지원,자금지원
125,2,4,2,132,"판로개척, 인력매칭 정부지원 확대",판로개척  인력매칭 정부지원 확대
126,4,4,2,107,인건비 지원,인건비 지원
127,3,4,2,713,취약계층 고용시 애로사항 취약계층 쉽게 파악할 수 있는 기준 어렵다,취약계층 고용시 애로사항 취약계층 쉽게 파악할 수 있는 기준 어렵다
128,3,4,2,179,정부지원자금 저금리로 확대,정부지원자금 저금리로 확대
129,3,4,2,463,"판로개척, 자금지원확대",판로개척  자금지원확대
130,4,4,2,582,인력 지원,인력 지원
131,4,4,2,465,"판로 확대, 컨설팅 지원 자금지원 확대",판로 확대  컨설팅 지원 자금지원 확대
132,1,4,2,713,"소셜벤처는 처음에는 번뜨기는 아이디어라고 하면서 사업을 진행을 하지만, 시장의 상황과 홍보방안 등에 대해서 적절하게 대처를 하는 시간까지 살아갈 자금력이 없기 때문 무산이 되는 경우가 많습니다. 그리고 회사가 성장을 하게 되면 투자자 및 기타 방안으로 사세를 확장하고자 하지만 구체적인 방안이 없어서 지인 및 인맥을 활용하여 겨우 사업을 진행합니다. 이런 부분을 해결해 줄수 있는 모임 또는 기회를 마련해 주시면 좋겠습니다.",소셜벤처는 처음에는 번뜨기는 아이디어라고 하면서 사업을 진행을 하지만  시장의 상황과 홍보방안 등에 대해서 적절하게 대처를 하는 시간까지 살아갈 자금력이 없기 때문 무산이 되는 경우가 많습니다  그리고 회사가 성장을 하게 되면 투자자 및 기타 방안으로 사세를 확장하고자 하지만 구체적인 방안이 없어서 지인 및 인맥을 활용하여 겨우 사업을 진행합니다  이런 부분을 해결해 줄수 있는 모임 또는 기회를 마련해 주시면 좋겠습니다 
133,3,4,2,969,인건비 지원,인건비 지원
134,5,4,2,144,자금지원 확대,자금지원 확대
135,2,4,2,742,경제적 자립을 위한 자금지원 확대,경제적 자립을 위한 자금지원 확대
136,4,4,2,713,장애인이나 취약계층 직원들은 효율성이 떨어지므로 경쟁력에서 힘들다.체계적 자금지원 필요,장애인이나 취약계층 직원들은 효율성이 떨어지므로 경쟁력에서 힘들다 체계적 자금지원 필요
137,4,4,2,742,자금 지원,자금 지원
138,3,3,2,103,"중간조직과 상호 협력 개발, 기업의 성장가능성 및 R&D, 적재 적소에 필요한 인력 지원 or 파견",중간조직과 상호 협력 개발  기업의 성장가능성 및   적재 적소에 필요한 인력 지원   파견
139,4,3,2,204,"정책자금,마케팅,판로지원 확대",정책자금 마케팅 판로지원 확대
140,4,3,2,103,판로개척지원 및 자금지원 확대,판로개척지원 및 자금지원 확대
141,5,3,2,473,"멘토링,마케팅 지원 확대",멘토링 마케팅 지원 확대
142,1,3,2,461,자금지원,자금지원
143,4,3,2,423,1.공공구매 우선 2.입찰시 가점제도 필요,1 공공구매 우선 2 입찰시 가점제도 필요
144,3,3,2,107,지속적관심과 투자,지속적관심과 투자
145,3,3,4,463,시설지원 및 정부지원자금 확대,시설지원 및 정부지원자금 확대
146,3,3,2,901,"인력지원, 인건비지원, 기술개발 지원 확대",인력지원  인건비지원  기술개발 지원 확대
147,1,3,2,107,인력 인건비 지원,인력 인건비 지원
148,1,3,2,479,소셜벤처 홍보 확대,소셜벤처 홍보 확대
149,1,3,2,465,정부보조금 년수 제한없이 인건비 지원을 지속적으로 원함,정부보조금 년수 제한없이 인건비 지원을 지속적으로 원함
150,1,3,2,872,인건비 자금지원,인건비 자금지원
151,3,3,2,463,기술지원,기술지원
152,2,3,2,202,자금지원,자금지원
153,1,3,2,742,인건비 지원,인건비 지원
154,1,3,2,759,정부 보조금 지원 확대,정부 보조금 지원 확대
155,4,3,2,682,인력제공 확대,인력제공 확대
156,4,3,2,468,인력지원,인력지원
157,3,3,2,582,사회적 기업을 7년 이내 정부 보조금 조건 완화 확대,사회적 기업을 7년 이내 정부 보조금 조건 완화 확대
158,2,3,2,759,소셜벤처나 사회적기업 단순한 보조금이 아닌 공공기관에 실제 필요한 융합서비스나 제품계약이 필요하다,소셜벤처나 사회적기업 단순한 보조금이 아닌 공공기관에 실제 필요한 융합서비스나 제품계약이 필요하다
159,3,3,2,259,"세제 혜택, 자금지원 확대",세제 혜택  자금지원 확대
160,3,3,4,382,자금지원 보조금으로 자금 지원,자금지원 보조금으로 자금 지원
161,3,3,2,263,인건비 지원 및 판로지원 확대,인건비 지원 및 판로지원 확대
162,4,3,4,103,"인력제공,마케팅지원,박람회 개최 확대",인력제공 마케팅지원 박람회 개최 확대
163,3,3,2,179,인력지원 확대,인력지원 확대
164,1,3,2,161,관공서에서 우선 구매가 필요함,관공서에서 우선 구매가 필요함
165,2,3,2,107,자금지원 확대,자금지원 확대
166,1,3,2,222,지자체에서 고용알선 중개 역할을 잘 해주었으면 함,지자체에서 고용알선 중개 역할을 잘 해주었으면 함
167,3,3,2,281,인력지원,인력지원
168,1,3,2,715,인건비 지원,인건비 지원
169,1,3,2,752,"판로개척, 인력지원 확대",판로개척  인력지원 확대
170,4,3,2,181,인건비 지원 확대,인건비 지원 확대
171,1,3,2,423,사업개발비 지원,사업개발비 지원
172,4,3,2,103,정부 지원 일자리 사업 지원,정부 지원 일자리 사업 지원
173,5,3,2,103,인력제공이나 자금지원 확대,인력제공이나 자금지원 확대
174,1,3,2,631,좀 더 다양한 지원사업과 복잡하지 않은 서류준비,좀 더 다양한 지원사업과 복잡하지 않은 서류준비
175,4,3,2,107,스마트공장 지원 필요하다,스마트공장 지원 필요하다
176,2,3,2,742,인력지원과 자금지원,인력지원과 자금지원
177,4,3,2,464,저금리 자금지원 확대,저금리 자금지원 확대
178,3,3,2,561,국민들의 인식개선,국민들의 인식개선
179,1,3,2,172,"사회적기업 가기까지 힘이 드는데 그 이후 정부지원 부족, 자금지원, 인력부족",사회적기업 가기까지 힘이 드는데 그 이후 정부지원 부족  자금지원  인력부족
180,1,3,2,759,사회적 가치만 중시되는 소셜벤처보다는 재무적으로 자생하여 지속적인 임팩트를 창출해내는 소셜벤처가 더 많아질 수 있도록 지원이 필요할 것 같습니다.,사회적 가치만 중시되는 소셜벤처보다는 재무적으로 자생하여 지속적인 임팩트를 창출해내는 소셜벤처가 더 많아질 수 있도록 지원이 필요할 것 같습니다 
181,3,3,2,463,자금지원,자금지원
182,2,3,2,741,인력지원 확대,인력지원 확대
183,3,3,2,759,자유롭게 사용할 수 있는 자금투자 지원 학대,자유롭게 사용할 수 있는 자금투자 지원 학대
184,1,3,2,872,임대료 지원,임대료 지원
185,1,3,2,284,인건비 지원,인건비 지원
186,1,3,2,204,자금 지원,자금 지원
187,1,3,2,751,소셜벤처 전용 R&D 지원 등 지속가능한 성장을 위한 지원 정책이 필요하다고 생각합니다,소셜벤처 전용   지원 등 지속가능한 성장을 위한 지원 정책이 필요하다고 생각합니다
188,1,3,2,339,자금 지원,자금 지원
189,2,3,2,702,연구자금 지원,연구자금 지원
190,1,3,2,582,소셜벤처에 대해 인지도가 낮으나 홍보확대 바라고 사회적 기업처럼 소셜벤처에 대한 전폭적인 지원이 필요하다,소셜벤처에 대해 인지도가 낮으나 홍보확대 바라고 사회적 기업처럼 소셜벤처에 대한 전폭적인 지원이 필요하다
191,4,3,2,181,"자금지원,세제혜택 지원확대",자금지원 세제혜택 지원확대
192,1,3,2,151,인건비 지원,인건비 지원
193,3,3,2,339,자금지원 확대,자금지원 확대
194,3,3,4,107,자금대출 및 인력지원 확대,자금대출 및 인력지원 확대
195,4,3,4,463,취약계층 임금지원,취약계층 임금지원
196,4,3,2,732,자금지원액의 증가,자금지원액의 증가
197,2,3,2,292,설비 자금 지원,설비 자금 지원
198,4,3,2,468,인력제공 및 정부지원금 확대,인력제공 및 정부지원금 확대
199,1,3,2,493,공공기관에서 수익 창출 할 수 있는 일거리 지원. 계약 우선 순위 지원,공공기관에서 수익 창출 할 수 있는 일거리 지원  계약 우선 순위 지원
200,3,3,2,732,소셜벤처 멘토링 지원 및 자금지원 확대,소셜벤처 멘토링 지원 및 자금지원 확대
201,5,3,2,759,인프라 지원 멘토링을 통한 전문가와 매칭사업 확대,인프라 지원 멘토링을 통한 전문가와 매칭사업 확대
202,1,3,2,181,성장을위한홍보와자금,성장을위한홍보와자금
203,1,3,2,620,정부지원금 기간을 늘려주었으면 함,정부지원금 기간을 늘려주었으면 함
204,4,3,2,465,소셜벤처 기업들이 사회적 가치와 경제적 가치를 많이 창출할 수 있도록 임팩트 투자 유치를 적극적으로 알리고 많은 기업들에게 기회가 주어졌으면 합니다.,소셜벤처 기업들이 사회적 가치와 경제적 가치를 많이 창출할 수 있도록 임팩트 투자 유치를 적극적으로 알리고 많은 기업들에게 기회가 주어졌으면 합니다 
205,3,2,2,742,사회적 기업에 대해 필요한 자금 지원등 관심을 가져 주었으면 함,사회적 기업에 대해 필요한 자금 지원등 관심을 가져 주었으면 함
206,4,2,2,107,정책자금 지원기간 늘려주었으면 함,정책자금 지원기간 늘려주었으면 함
207,4,2,2,203,소셜벤처 홍보 확대 및 창업시 필요한 자금 지원,소셜벤처 홍보 확대 및 창업시 필요한 자금 지원
208,1,2,4,181,자금지원,자금지원
209,4,2,2,319,정부보조금 지원 완화 바람,정부보조금 지원 완화 바람
210,4,2,2,103,자금 지원 확대 및 판로개척 지원 확대,자금 지원 확대 및 판로개척 지원 확대
211,5,2,2,204,판로확대 및 저금리 자금지원 확대,판로확대 및 저금리 자금지원 확대
212,5,2,2,468,직원들 세부적인 교육 지원,직원들 세부적인 교육 지원
213,3,2,4,107,운전자금 지원 확대,운전자금 지원 확대
214,3,2,2,464,고용알선지원 및 사회적가치 브랜드를 높여줬으면 함. 사회적 기업에게 저금리 자금 지원 확대,고용알선지원 및 사회적가치 브랜드를 높여줬으면 함  사회적 기업에게 저금리 자금 지원 확대
215,5,2,2,732,인력지원 및 저금리로 자금지원 확대,인력지원 및 저금리로 자금지원 확대
216,3,2,2,464,장애인 취업 문턱이 너무 좁다. 일자리 확대,장애인 취업 문턱이 너무 좁다  일자리 확대
217,4,2,4,101,정부지원금 지원 확대,정부지원금 지원 확대
218,3,2,2,141,소셜벤처기업에게 저금리 자금지원 확대,소셜벤처기업에게 저금리 자금지원 확대
219,3,2,3,857,운영자금 지원확대바람,운영자금 지원확대바람
220,1,2,2,339,소셜벤처 전용 R&D 지원,소셜벤처 전용   지원
221,1,2,2,291,운전자금 지원 확대,운전자금 지원 확대
222,4,2,2,320,기술개발 자금 지원이나 소셜벤처에 대한 홍보 확대,기술개발 자금 지원이나 소셜벤처에 대한 홍보 확대
223,3,2,2,339,인력지원이나 정부보저금 등 상향조정 확대,인력지원이나 정부보저금 등 상향조정 확대
224,3,2,2,479,인프라 확대가 가능한 실질적인 지원이 필요하다고 생각함,인프라 확대가 가능한 실질적인 지원이 필요하다고 생각함
225,4,2,2,463,정책자금이나 정부보조금 지원 확대,정책자금이나 정부보조금 지원 확대
226,2,2,2,742,인건비 지원,인건비 지원
227,2,2,2,465,과도한 경쟁이 아닌 신산업분야 정보 및 제품개발 지원이 필요함,과도한 경쟁이 아닌 신산업분야 정보 및 제품개발 지원이 필요함
228,1,2,2,423,저리로 정책자금 지원 학대,저리로 정책자금 지원 학대
229,1,2,2,582,연구개발비 지원,연구개발비 지원
230,2,2,4,103,자금조달이 어려우니 사업적인 측면에서 지원이 많이 필요하고 인력확보 지원확대,자금조달이 어려우니 사업적인 측면에서 지원이 많이 필요하고 인력확보 지원확대
231,3,2,2,251,정부지원금 지원 확대 바람,정부지원금 지원 확대 바람
232,1,2,2,620,자금지원 및 공간지원 확대,자금지원 및 공간지원 확대
233,3,2,2,468,인건비 지원,인건비 지원
234,1,2,2,478,"인건비, 사업개발비 등 지원확대",인건비  사업개발비 등 지원확대
235,2,2,2,264,정부보조금 지원 확대,정부보조금 지원 확대
236,2,2,2,339,자금지원,자금지원
237,3,3,4,872,자금지원,자금지원
238,3,3,4,871,"재정지원, 판로개척 지원 확대",재정지원  판로개척 지원 확대
239,1,2,2,103,자금지원 확대,자금지원 확대
240,4,3,4,871,판로개척,판로개척
241,4,3,4,912,정부 보조금 지원 자금지원 완화 바람,정부 보조금 지원 자금지원 완화 바람
242,4,3,4,107,지자체가 우선 구매 원칙,지자체가 우선 구매 원칙
243,1,2,2,281,재정지원사업 및 운영자금 지원 확대,재정지원사업 및 운영자금 지원 확대
244,3,3,4,871,지자체 인건비 지원,지자체 인건비 지원
245,1,3,3,949,자금 지원,자금 지원
246,1,2,2,739,소셜벤처가 성장하기 위해서 지원 확대,소셜벤처가 성장하기 위해서 지원 확대
247,1,2,2,141,지원 정책중 지원이 1회성이 아닌 계속적 지원필요함,지원 정책중 지원이 1회성이 아닌 계속적 지원필요함
248,5,2,2,591,"인력 제공,정책 자금 지원 확대",인력 제공 정책 자금 지원 확대
249,5,2,2,742,자금 지원,자금 지원
250,1,2,2,463,인력지원이 필요합니다.,인력지원이 필요합니다 
251,1,2,2,271,소셜벤처에 대한 사회적 정의와 이해가 부족하다.소셜벤처를 홍보를 해서 바른 정의와 이해를 알려야 한다,소셜벤처에 대한 사회적 정의와 이해가 부족하다 소셜벤처를 홍보를 해서 바른 정의와 이해를 알려야 한다
252,1,2,2,661,소셜벤처 역량강화,소셜벤처 역량강화
253,3,2,2,101,"자금 지원,기술 지원",자금 지원 기술 지원
254,2,2,2,856,소외된 계층 등 일자리 제공 확대바람,소외된 계층 등 일자리 제공 확대바람
255,1,2,2,285,"일시적인 지원이 아닌 소셜벤처의 성장속도에 맞춰 지속적인 지원이 필요.(자금, 인력, 교육, 인프라 등)",일시적인 지원이 아닌 소셜벤처의 성장속도에 맞춰 지속적인 지원이 필요 자금  인력  교육  인프라 등 
256,1,2,2,581,다양한 정보를 빠르게 공지를 올려 활발한 활동할 수 있게 정보제공 금액지원 증가,다양한 정보를 빠르게 공지를 올려 활발한 활동할 수 있게 정보제공 금액지원 증가
257,3,2,2,241,자금지원 확대바람,자금지원 확대바람
258,3,2,2,464,인건비 지원,인건비 지원
259,1,2,2,464,임팩트 투자사도 일반 VC처럼 EXIT PLAN을 요구하는것은 지속가능한 성장을 위해 지속가능한 조직을 유지해야 하는 소셜벤처에게는 맞지 않다고 생각합니다. EXIT PLAN 없이도 투자를 받을 수 있도록 진정한 임팩트투자를 하는 공익적 VC가 필요합니다.,임팩트 투자사도 일반  처럼    을 요구하는것은 지속가능한 성장을 위해 지속가능한 조직을 유지해야 하는 소셜벤처에게는 맞지 않다고 생각합니다      없이도 투자를 받을 수 있도록 진정한 임팩트투자를 하는 공익적  가 필요합니다 
260,2,2,2,101,정책자금 상향 조정해 지원 확대,정책자금 상향 조정해 지원 확대
261,1,2,2,582,"자금,인력지원 등 판로지원 확대",자금 인력지원 등 판로지원 확대
262,1,2,2,204,소셜벤처가 보유한 자원과 임팩트를 정량화하는 평가프로그램이 시급하다고 생각합니다. 임팩트 투자 및 대기업 협업시 객관화된 임팩트 수치와 공인평가서가 있다면 지속가능한 성장을 도모할 수 있다고 확신합니다.,소셜벤처가 보유한 자원과 임팩트를 정량화하는 평가프로그램이 시급하다고 생각합니다  임팩트 투자 및 대기업 협업시 객관화된 임팩트 수치와 공인평가서가 있다면 지속가능한 성장을 도모할 수 있다고 확신합니다 
263,3,2,2,103,자금지원 확대,자금지원 확대
264,1,2,2,620,자금지원 확대,자금지원 확대
265,3,2,2,141,최저임금 인상으로 경제적 이윤없이 경영유지가 어렵다. 55세 이상 고령자들의 생산능력이 떨어지고 최저임금은 인상되어 자금지원이 더 필요하다,최저임금 인상으로 경제적 이윤없이 경영유지가 어렵다  55세 이상 고령자들의 생산능력이 떨어지고 최저임금은 인상되어 자금지원이 더 필요하다
266,1,2,2,742,전반적인 소셜벤처에 대한 인식 홍보 필요한듯합니다,전반적인 소셜벤처에 대한 인식 홍보 필요한듯합니다
267,1,2,2,639,정부지원사업으로 자금지원 확대,정부지원사업으로 자금지원 확대
268,4,2,4,701,1.메일이나 유선으로 소셜벤처 홍보 필요 2.지원사업 진행시 선정이 되면 1회성 지원이 아니고 연계형으로 지속적 지원 필요,1 메일이나 유선으로 소셜벤처 홍보 필요 2 지원사업 진행시 선정이 되면 1회성 지원이 아니고 연계형으로 지속적 지원 필요
269,5,2,2,681,판로 확대 및 정부지원금 상향조정 확대,판로 확대 및 정부지원금 상향조정 확대
270,2,2,2,424,소셜벤처 육성을 위한 멘토링 활성화바람,소셜벤처 육성을 위한 멘토링 활성화바람
271,3,2,2,582,"소셜벤처 제품,서비스가 잘 보급될수 있도록 하고 판로지원과 테스트베드 장소마련 원함",소셜벤처 제품 서비스가 잘 보급될수 있도록 하고 판로지원과 테스트베드 장소마련 원함
272,1,2,2,901,공연업계 매출이 높지 않아 자금대출시 매출액 기준과 신용대출 등 기준을(담보기준 등) 낮추어 주었으면 함,공연업계 매출이 높지 않아 자금대출시 매출액 기준과 신용대출 등 기준을 담보기준 등  낮추어 주었으면 함
273,1,2,2,152,저소득층이 아닌 포괄적인 기준이 필요하다,저소득층이 아닌 포괄적인 기준이 필요하다
274,1,2,2,582,자금확보를 위한 사업이나 정책 활성화,자금확보를 위한 사업이나 정책 활성화
275,1,2,2,631,소셜벤처기업에 대한 홍보와 자금 지원,소셜벤처기업에 대한 홍보와 자금 지원
276,5,2,2,231,자금지원과 판로개척 지원,자금지원과 판로개척 지원
277,4,2,2,107,R&D지원자금확대, 지원자금확대
278,4,2,2,715,수의계약이 필요,수의계약이 필요
279,3,2,2,582,자금지원과 사업홍보 지원,자금지원과 사업홍보 지원
280,3,2,2,204,"마케팅지원 사업,시제품제작지원 확대",마케팅지원 사업 시제품제작지원 확대
281,1,2,2,204,자금지원 확대,자금지원 확대
282,1,2,2,141,인건비 지원,인건비 지원
283,3,2,2,339,소셜벤처기업과 사업에 홍보,소셜벤처기업과 사업에 홍보
284,1,2,2,742,인력지원 확대,인력지원 확대
285,2,2,2,412,"인력 지원,인건비 지원",인력 지원 인건비 지원
286,2,2,4,949,인력 지원이나 판로 개척에 힘을 써주었으면 한다,인력 지원이나 판로 개척에 힘을 써주었으면 한다
287,4,2,2,241,정부지원금 완화 바람,정부지원금 완화 바람
288,1,2,2,463,소셜벤처 인식개선 홍보와 자금지원 확대,소셜벤처 인식개선 홍보와 자금지원 확대
289,1,2,2,179,자금지원 확대,자금지원 확대
290,3,2,2,102,인력확보나 기술개발지원 판로확대 등 지원확대,인력확보나 기술개발지원 판로확대 등 지원확대
291,1,2,2,291,소셜벤처기업 이미지 개선으로 취약계층에게 좋은 일자리 제공을 할 수 있는 기업이미지 향상,소셜벤처기업 이미지 개선으로 취약계층에게 좋은 일자리 제공을 할 수 있는 기업이미지 향상
292,3,2,2,463,정부 자금지원 정책 확대,정부 자금지원 정책 확대
293,2,2,2,203,판로개척지원 및 저금리자금지원 확대,판로개척지원 및 저금리자금지원 확대
294,3,2,2,742,소셜벤처기업이미지와 사업홍보,소셜벤처기업이미지와 사업홍보
295,4,2,2,422,지원금 확대,지원금 확대
296,1,2,2,612,장기적으로 안정적인 사업으로 가기 위해서는 3년이상 지원이 필요하다,장기적으로 안정적인 사업으로 가기 위해서는 3년이상 지원이 필요하다
297,3,3,3,741,자금지원 확대,자금지원 확대
298,2,2,2,582,자금 지원,자금 지원
299,3,2,2,303,은행대출도 담보가 없으면 대출이 안된다 기업평가로 자금지원이 원활하게 되어야 한다,은행대출도 담보가 없으면 대출이 안된다 기업평가로 자금지원이 원활하게 되어야 한다
300,4,2,2,561,"자금, 인건비",자금  인건비
301,3,2,2,561,자금지원 확대,자금지원 확대
302,4,2,2,103,자금지원 확대,자금지원 확대
303,4,2,2,107,안정적인 자금 지원,안정적인 자금 지원
304,3,2,2,181,인력 지원 및 판로개척 지원,인력 지원 및 판로개척 지원
305,2,2,2,582,자금지원 확대,자금지원 확대
306,2,2,2,742,인력제공 및 정부융자 확대,인력제공 및 정부융자 확대
307,3,2,2,494,자금 지원,자금 지원
308,2,2,2,742,"자금지원,마케팅지원 확대",자금지원 마케팅지원 확대
309,4,2,2,857,"자금, 인력",자금  인력
310,3,2,2,465,기업홍보와 매출증가로 일자리 창출할 수 있는 지원 필요,기업홍보와 매출증가로 일자리 창출할 수 있는 지원 필요
311,3,2,2,701,더 많은 자금지원이 있어야 한다,더 많은 자금지원이 있어야 한다
312,3,2,2,107,어려운 농가 지원정책 확대 및 일손돕기 확대,어려운 농가 지원정책 확대 및 일손돕기 확대
313,3,2,2,742,소셜벤처기업과의 네트워크 구축으로 다양한 정보 공유,소셜벤처기업과의 네트워크 구축으로 다양한 정보 공유
314,1,2,2,759,소셜벤처 범주안에 인증받은 사회적기업과 인증받지 못한 기업과 구분이 안되고 있다. 소셜벤처라 하지만 인증사회기업 정관상 사회적가치 의무제공때문에 투자받기가 어렵다,소셜벤처 범주안에 인증받은 사회적기업과 인증받지 못한 기업과 구분이 안되고 있다  소셜벤처라 하지만 인증사회기업 정관상 사회적가치 의무제공때문에 투자받기가 어렵다
315,1,2,2,334,사회적가치평가가 저평가가 되고있고 소셜벤처기업제품 정부 우선구매지원제도가 있으면 하고 장기적인 3~5년 안정적인 지원이 필요하다,사회적가치평가가 저평가가 되고있고 소셜벤처기업제품 정부 우선구매지원제도가 있으면 하고 장기적인 3 5년 안정적인 지원이 필요하다
316,3,2,2,582,연구개발 자금 지원 확대,연구개발 자금 지원 확대
317,1,2,2,857,자금 지원,자금 지원
318,1,2,2,262,자금지원 확보,자금지원 확보
319,4,2,2,751,인력지원,인력지원
320,3,2,2,713,기계장비나 설비투자 지원 확대,기계장비나 설비투자 지원 확대
321,3,2,2,103,"자금 지원,판로 지원",자금 지원 판로 지원
322,2,2,2,857,"운영자금, 인력지원 확대",운영자금  인력지원 확대
323,1,2,2,759,자금지원 확대,자금지원 확대
324,3,2,2,333,지원금 확대,지원금 확대
325,4,2,2,464,소셜벤처에 대해 온라인 홍보 확대,소셜벤처에 대해 온라인 홍보 확대
326,3,2,2,103,소셜벤처기업 홍보와 사회적가치 인식개선,소셜벤처기업 홍보와 사회적가치 인식개선
327,1,2,2,479,정책자금 지원확대,정책자금 지원확대
328,1,2,3,682,공간지원 제공,공간지원 제공
329,1,2,2,292,자금 지원 확대,자금 지원 확대
330,2,2,2,581,판로 개척을 정부기관과 매칭시켜 확대 바랍니다,판로 개척을 정부기관과 매칭시켜 확대 바랍니다
331,3,2,2,107,소셜벤처기업 홍보 필요,소셜벤처기업 홍보 필요
332,5,2,2,952,자금,자금
333,1,2,2,271,운영자금,운영자금
334,3,2,2,582,투자지원이 많아야 한다,투자지원이 많아야 한다
335,1,2,2,751,자금 지원 확대와 인력 지원 공급 확대,자금 지원 확대와 인력 지원 공급 확대
336,5,2,2,141,"자금 지원, 판로 지원",자금 지원  판로 지원
337,1,2,2,581,소셜기업에 대한 홍보,소셜기업에 대한 홍보
338,4,2,2,751,인력지원,인력지원
339,3,2,2,320,사회적기업 혹은 소셜벤처 등 5년 이상의 기업들의 추가 지원,사회적기업 혹은 소셜벤처 등 5년 이상의 기업들의 추가 지원
340,4,2,2,741,"인력, 자금",인력  자금
341,2,2,2,751,자금 지원,자금 지원
342,1,2,2,559,자금지원 확대,자금지원 확대
343,1,2,2,582,자금지원 확대와 판로개척 지원,자금지원 확대와 판로개척 지원
344,3,2,2,284,자금지원과 판로개척 지원,자금지원과 판로개척 지원
345,1,2,2,751,자금지원,자금지원
346,1,2,2,285,"자금지원 확대,인적자원 지원",자금지원 확대 인적자원 지원
347,1,2,2,463,자금 지원,자금 지원
348,3,2,2,479,소셜벤처가 성장할 수 있는 지원제도 홍보가 필요하다,소셜벤처가 성장할 수 있는 지원제도 홍보가 필요하다
349,4,2,2,741,정보가 없다 정보제공 필요하다,정보가 없다 정보제공 필요하다
350,4,2,2,582,홍보 필요함,홍보 필요함
351,4,2,2,271,"자금지원, 판로지원",자금지원  판로지원
352,5,2,2,107,판로 지원,판로 지원
353,2,2,2,631,자금지원 확대,자금지원 확대
354,1,2,2,561,"홍보, 마케팅 지원",홍보  마케팅 지원
355,1,2,2,721,"자금,판로",자금 판로
356,5,2,2,857,자금지원,자금지원
357,1,2,2,284,자금 지원,자금 지원
358,3,2,2,759,판로지원,판로지원
359,3,2,2,463,자금 지원,자금 지원
360,5,2,2,759,소셜벤처에 대한 홍보확대 바람,소셜벤처에 대한 홍보확대 바람
361,5,2,4,112,소셜벤처기업홍보와 자금 지원,소셜벤처기업홍보와 자금 지원
362,1,2,2,911,"자금지원,확대",자금지원 확대
363,2,2,2,464,인력지원시 행정절차가 복잡하다,인력지원시 행정절차가 복잡하다
364,3,2,2,292,홍보 필요,홍보 필요
365,1,2,2,479,인건비 지원,인건비 지원
366,3,2,2,264,자금 지원,자금 지원
367,1,2,2,759,소셜벤처기업의 역량강화를 위한 정보제공 등,소셜벤처기업의 역량강화를 위한 정보제공 등
368,2,2,2,264,홍보 지원,홍보 지원
369,2,2,2,422,일자리 안정자금 지원 확대,일자리 안정자금 지원 확대
370,1,2,2,742,지역 사회적기업을 우선적으로 정부 입찰 기회가 제공되어야 한다,지역 사회적기업을 우선적으로 정부 입찰 기회가 제공되어야 한다
371,3,2,2,179,사회적 기업에게 자금지원 정책을 확대,사회적 기업에게 자금지원 정책을 확대
372,1,2,2,561,사업비 지원 분야 다양하게 확장 지원,사업비 지원 분야 다양하게 확장 지원
373,2,2,2,742,자금지원,자금지원
374,2,2,2,11,자금지원 확대,자금지원 확대
375,1,2,2,751,일자리안정자금 지원 확대와 인력지원 확대,일자리안정자금 지원 확대와 인력지원 확대
376,2,2,2,12,판로지원,판로지원
377,2,2,2,162,자금 지원,자금 지원
378,1,2,2,857,"소셜벤처에 투자환경이 확대되어 장애인,노약자 대상 혜택은 보다 사회적약자가 청년층도 큰데 청년층에 속하는 기업에 지원확대가 부족한점",소셜벤처에 투자환경이 확대되어 장애인 노약자 대상 혜택은 보다 사회적약자가 청년층도 큰데 청년층에 속하는 기업에 지원확대가 부족한점
379,1,2,2,107,인건비 지원,인건비 지원
380,1,2,2,872,자금지원,자금지원
381,1,2,2,713,판로 개척 지원,판로 개척 지원
382,1,2,2,582,자금 조달,자금 조달
383,5,2,2,582,소셜벤처 홍보와 지원사업에 대한 홍보도 필요,소셜벤처 홍보와 지원사업에 대한 홍보도 필요
384,1,2,2,468,판로 지원,판로 지원
385,3,2,2,103,자금 지원,자금 지원
386,2,2,2,259,일자리 개선 주거환경 개선 지원,일자리 개선 주거환경 개선 지원
387,2,2,2,620,자금지원 확대,자금지원 확대
388,1,2,2,204,"정확한 내부문화를 만들어 성공사례 등 정보제공 바라고 창업시 비지니스 모델,자금지원이나 전문인력 제공",정확한 내부문화를 만들어 성공사례 등 정보제공 바라고 창업시 비지니스 모델 자금지원이나 전문인력 제공
389,1,2,2,281,인력 지원,인력 지원
390,1,2,2,465,소셜벤처기업홍보와 기업이미지 개선,소셜벤처기업홍보와 기업이미지 개선
391,2,2,2,182,각계지원 사업 관련해서 인건비가 부족,각계지원 사업 관련해서 인건비가 부족
392,1,2,3,729,"인력, 자금, 판로 지원",인력  자금  판로 지원
393,1,2,2,291,투자자금지원,투자자금지원
394,1,2,2,739,자금지원,자금지원
395,4,2,4,339,인건비 지원 확대,인건비 지원 확대
396,5,2,2,181,"홍보, 자금 지원",홍보  자금 지원
397,3,2,2,421,저금리 대출 지원,저금리 대출 지원
398,1,2,2,251,자금지원 필요,자금지원 필요
399,3,2,4,969,자금 지원,자금 지원
400,3,2,2,101,시와는 협력이 되는데 도는 협력이 안되고 있다 도의 협력을 받고 싶다,시와는 협력이 되는데 도는 협력이 안되고 있다 도의 협력을 받고 싶다
401,3,2,3,949,판로지원,판로지원
402,2,2,2,872,"사업개발비 지원,전체적인 서류가 복잡한 서류 간소화",사업개발비 지원 전체적인 서류가 복잡한 서류 간소화
403,3,2,2,742,공유 오피스 공간지원과 사무기기 지원 기간 연장,공유 오피스 공간지원과 사무기기 지원 기간 연장
404,2,2,2,732,사업개발 정책 뒷받침,사업개발 정책 뒷받침
405,4,2,2,857,자금 지원,자금 지원
406,3,2,2,204,"자금,판로",자금 판로
407,5,2,2,424,자금지원 확대,자금지원 확대
408,4,2,2,425,자금 지원,자금 지원
409,3,2,2,759,운영자금 지원,운영자금 지원
410,3,2,2,856,자금지원 확대,자금지원 확대
411,4,2,4,332,공공기관과 연계 필요함(지원),공공기관과 연계 필요함 지원 
412,1,2,2,468,판로 지원,판로 지원
413,4,2,2,857,자금지원 확대,자금지원 확대
414,1,2,2,204,소셜벤처나 사회적기업이나 일반인들이 봤을 때 그 차이점이 명확하지 않은 경우가 많습니다. 통용되는 경우를 많이 본 것 같기도 하고요! 그 구분과 지원 방식의 다각화를 통한 지원이 필요할 것 같습니다.,소셜벤처나 사회적기업이나 일반인들이 봤을 때 그 차이점이 명확하지 않은 경우가 많습니다  통용되는 경우를 많이 본 것 같기도 하고요  그 구분과 지원 방식의 다각화를 통한 지원이 필요할 것 같습니다 
415,4,2,2,242,판로개척 지원과 소셜벤처기업 이미지 홍보,판로개척 지원과 소셜벤처기업 이미지 홍보
416,3,2,2,681,자금 지원,자금 지원
417,1,3,3,949,"운영자금, 인건비",운영자금  인건비
418,4,2,2,333,자금지원 확대,자금지원 확대
419,2,2,2,582,자금지원,자금지원
420,5,2,3,949,인건비 보조지원 확대와 정부지원 사업으로 취약계층 지원사업 증가,인건비 보조지원 확대와 정부지원 사업으로 취약계층 지원사업 증가
421,3,2,3,179,운전자금 지원,운전자금 지원
422,5,2,4,949,자금지원,자금지원
423,1,4,3,949,"자금지원,인건비 지원 확대",자금지원 인건비 지원 확대
424,1,2,3,949,자금 지원,자금 지원
425,1,2,2,172,자금 지원,자금 지원
426,4,2,2,463,시설투자 장비 지원,시설투자 장비 지원
427,3,2,2,259,사회적 기업에 참여하는 과정이 서류가 너무 많고 복잡하고 필요한 서류 요구가 너무 많은 점,사회적 기업에 참여하는 과정이 서류가 너무 많고 복잡하고 필요한 서류 요구가 너무 많은 점
428,3,2,2,582,일시적인 지원이 아닌 기간을 늘려 인적 지원 확대,일시적인 지원이 아닌 기간을 늘려 인적 지원 확대
429,1,2,2,107,정책자금을 지속가능한 학계와 연계해서 꾸준한 지원 바람,정책자금을 지속가능한 학계와 연계해서 꾸준한 지원 바람
430,1,2,2,582,운영자금 지원,운영자금 지원
431,1,2,3,949,사회적기업에 우선판매지원 확대,사회적기업에 우선판매지원 확대
432,4,2,2,11,자금,자금
433,1,2,2,681,판로 지원,판로 지원
434,3,2,2,901,소셜벤처기업 지원사업 홍보,소셜벤처기업 지원사업 홍보
435,1,2,3,941,자금 지원,자금 지원
436,5,2,2,713,알앤디 연구개발 금액지원 확대,알앤디 연구개발 금액지원 확대
437,1,2,4,941,운영자금,운영자금
438,2,2,3,872,자금지원,자금지원
439,4,2,2,479,운영자금,운영자금
440,4,2,2,729,"규제완화,서류간소화",규제완화 서류간소화
441,4,2,2,732,실질적이고 내실적인 사업을 할 수 있도록 사업정책 진행이 필요하다,실질적이고 내실적인 사업을 할 수 있도록 사업정책 진행이 필요하다
442,2,2,2,320,자금 지원,자금 지원
443,2,2,3,949,자금 지원,자금 지원
444,5,2,2,303,수출규제 완화,수출규제 완화
445,3,2,2,313,"기업의 혁신과 사회적 가치 실현을 위해 사회적으로 유용한 사업에 대한 적극적인 R&D 개발 지원등이 필요함. -아이디어을 확보하고 의지가 있으나 사업계획서 작성, R&D전반에 대한 기획의 부족함 - 이에 대한 지원 절실함. 사회적 가치실현에 대한 형식적인 자료 확보(영수증, 확인서)보다는 재무적, 지식재산권, 지역발전 공헌등을 활용한 확인 요청드림. -사회적기업에 대한 고용노동부의 서류적 절차로 인해 시간과 인력이 많이 투입됨. 전국적인 네트워크 활용, 연대, 협력이 가능하도록 지원 요청 -지역적 한계로 인한 정보, 인력, 장비들에 대한 해소가 필요함. 소셜벤처에 대한 투자유치, 자금지원에 대한 요청 -사회적기업에 대한 일반 투자자나 캐피탈에서 투자를 꺼리는 경향이 있으므로 사회적 기업 전담 투자 자금 확보 요청.",기업의 혁신과 사회적 가치 실현을 위해 사회적으로 유용한 사업에 대한 적극적인   개발 지원등이 필요함   아이디어을 확보하고 의지가 있으나 사업계획서 작성   전반에 대한 기획의 부족함   이에 대한 지원 절실함  사회적 가치실현에 대한 형식적인 자료 확보 영수증  확인서 보다는 재무적  지식재산권  지역발전 공헌등을 활용한 확인 요청드림   사회적기업에 대한 고용노동부의 서류적 절차로 인해 시간과 인력이 많이 투입됨  전국적인 네트워크 활용  연대  협력이 가능하도록 지원 요청  지역적 한계로 인한 정보  인력  장비들에 대한 해소가 필요함  소셜벤처에 대한 투자유치  자금지원에 대한 요청  사회적기업에 대한 일반 투자자나 캐피탈에서 투자를 꺼리는 경향이 있으므로 사회적 기업 전담 투자 자금 확보 요청 
446,1,2,2,732,자금 지원,자금 지원
447,1,2,2,152,자금 지원,자금 지원
448,5,2,2,478,인력지원,인력지원
449,4,2,2,582,자금지원 확대,자금지원 확대
450,5,2,2,291,자금지원 확대,자금지원 확대
451,2,2,2,701,소셜벤처 대상 투/용자 사업과 R&D 사업이 보다 확대되었으면 좋겠습니다.,소셜벤처 대상 투 용자 사업과   사업이 보다 확대되었으면 좋겠습니다 
452,3,2,2,464,자금 지원,자금 지원
453,3,2,4,949,소셜벤처의 사업홍보 확대,소셜벤처의 사업홍보 확대
454,1,2,2,281,홍보와 판로개척지원,홍보와 판로개척지원
455,4,2,4,751,공공조달 및 장애인 일자리 사업 확대 필요,공공조달 및 장애인 일자리 사업 확대 필요
456,3,2,2,561,소셜벤처 기업이미지 인식개선 홍보와 소셜벤처기업이 지원되는 내용도 기업에 홍보 필요,소셜벤처 기업이미지 인식개선 홍보와 소셜벤처기업이 지원되는 내용도 기업에 홍보 필요
457,3,2,2,232,소셜벤처 기업이미지 홍보,소셜벤처 기업이미지 홍보
458,1,2,2,713,R&D지원정책 강화, 지원정책 강화
459,1,2,2,264,자금 지원,자금 지원
460,3,2,2,582,자금지원 확대,자금지원 확대
461,1,2,2,751,소셜벤처에 네트워크 협력 지원과 사업후보 확대,소셜벤처에 네트워크 협력 지원과 사업후보 확대
462,2,2,2,721,자금지원확대,자금지원확대
463,1,2,4,751,자금지원,자금지원
464,3,2,2,582,운영자금 지원,운영자금 지원
465,3,2,3,949,비영리기관에 자금지원을 어떻게 하는 정보제공했으면 함,비영리기관에 자금지원을 어떻게 하는 정보제공했으면 함
466,3,2,2,715,자금 지원,자금 지원
467,4,2,4,478,자금지원 확대,자금지원 확대
468,3,2,2,271,판로개척지원,판로개척지원
469,3,2,2,741,정부지원금 확대,정부지원금 확대
470,2,2,2,424,자금 지원,자금 지원
471,2,2,2,582,연구개발에 관련 협력네트워크와 지원금 지원,연구개발에 관련 협력네트워크와 지원금 지원
472,2,3,2,11,운전자금 지원,운전자금 지원
473,3,2,4,732,인건비 지원,인건비 지원
474,3,2,2,151,운영자금 지원,운영자금 지원
475,1,2,2,620,자금지원확대와 사업홍보,자금지원확대와 사업홍보
476,4,2,4,561,시설투자지원,시설투자지원
477,5,2,2,204,자금지원,자금지원
478,1,2,2,582,R&D투자지원과 인건비지원 확대, 투자지원과 인건비지원 확대
479,1,2,2,423,자금지원,자금지원
480,1,2,2,478,자금지원 확대,자금지원 확대
481,3,2,2,292,소셜벤처 홍보로 인식개선 필요,소셜벤처 홍보로 인식개선 필요
482,1,2,2,144,저금리로 자금 지원 확대,저금리로 자금 지원 확대
483,1,2,3,941,운영자금과 판로 개척,운영자금과 판로 개척
484,3,2,3,949,사회적 기업에게 인력제공 및 열약한 환경에 처한 기업에게 처우개선 바람,사회적 기업에게 인력제공 및 열약한 환경에 처한 기업에게 처우개선 바람
485,5,2,2,265,자금,자금
486,3,2,2,721,자금지원 확대,자금지원 확대
487,3,2,2,591,인건비 지원 확대,인건비 지원 확대
488,5,2,2,271,저금리 자금지원 확대,저금리 자금지원 확대
489,4,2,2,107,자금지원 확대,자금지원 확대
490,5,2,2,107,중간조직들 전폭 지원,중간조직들 전폭 지원
491,5,2,2,132,"자금, 인력",자금  인력
492,1,1,2,412,자금 지원과 인력 지원,자금 지원과 인력 지원
493,3,1,2,739,"자금지원,판로개척,기업성장할 수 있도록 관심 갖어야 함(정부)",자금지원 판로개척 기업성장할 수 있도록 관심 갖어야 함 정부 
494,1,1,2,291,기술지양으로 지원해야 한다 기술이 아닌 서비스쪽으로 많이 지원하는것 같다,기술지양으로 지원해야 한다 기술이 아닌 서비스쪽으로 많이 지원하는것 같다
495,3,1,2,582,성잘할 수 있게 자금지원,성잘할 수 있게 자금지원
496,2,1,2,204,개발지원,개발지원
497,1,1,2,285,자금지원 확대,자금지원 확대
498,1,1,2,179,"자금,공간 지원",자금 공간 지원
499,2,1,2,203,판로개척 지원,판로개척 지원
500,1,1,2,271,자금지원 확대,자금지원 확대
501,5,1,2,339,판로지원,판로지원
502,1,1,2,582,관련된 벤처에 투자 확대 지원,관련된 벤처에 투자 확대 지원
503,3,1,2,291,자금지원 확대,자금지원 확대
504,1,1,2,582,창업 초기에 공간 지원이나 정부자금지원 확대,창업 초기에 공간 지원이나 정부자금지원 확대
505,1,1,2,591,판로개척지원과 자금지원,판로개척지원과 자금지원
506,5,1,2,582,자금지원,자금지원
507,2,1,2,339,개발된 제품 사업화 지원,개발된 제품 사업화 지원
508,3,1,2,582,판로,판로
509,4,1,2,103,일자리 제공하는 만큼 정부 지원 등 근로자에게 햬택 주길 바람,일자리 제공하는 만큼 정부 지원 등 근로자에게 햬택 주길 바람
510,1,1,2,620,특허지원 확대,특허지원 확대
511,2,1,2,320,산업단지 조성시 기업규모나 매출구조로 입주가 되는데 사회적 기업도 우선권이 있어서 산업단지 입주가 필요하다,산업단지 조성시 기업규모나 매출구조로 입주가 되는데 사회적 기업도 우선권이 있어서 산업단지 입주가 필요하다
512,4,1,2,212,연구개발지원 확대,연구개발지원 확대
513,3,1,2,424,"자금지원,판로확대,지원확대",자금지원 판로확대 지원확대
514,1,1,2,339,"경영자금 지원, 시설자금 지원과 소셜벤처네트워크 구축 활성화",경영자금 지원  시설자금 지원과 소셜벤처네트워크 구축 활성화
515,1,1,2,107,소셜벤처 중심의 협회 및 네트워킹 조직을 중심으로한 협력 체계 구축 필요 소셜벤처 기업 간의 협업으로 시너지 활성화,소셜벤처 중심의 협회 및 네트워킹 조직을 중심으로한 협력 체계 구축 필요 소셜벤처 기업 간의 협업으로 시너지 활성화
516,5,1,2,161,자금지원,자금지원
517,5,1,2,412,판로 지원,판로 지원
518,1,1,2,582,판로자금,판로자금
519,3,1,2,132,소셜벤처 홍보 요함,소셜벤처 홍보 요함
520,3,1,2,292,자금지원,자금지원
521,4,1,2,162,제품개발을 위한 시제품 제작 지원과 전문인력에 대한 인건비 지원,제품개발을 위한 시제품 제작 지원과 전문인력에 대한 인건비 지원
522,2,1,2,107,소셜벤처기업 제품 구매도 의무적으로 구입하는제도 만들어야 한다,소셜벤처기업 제품 구매도 의무적으로 구입하는제도 만들어야 한다
523,1,1,2,582,"인력,자금",인력 자금
524,1,1,2,423,전문인력 채용 지원,전문인력 채용 지원
525,1,1,2,681,자금지원,자금지원
526,2,1,2,462,자금,자금
527,2,1,2,139,기술개발지원,기술개발지원
528,5,1,2,701,"판로지원, 자금지원",판로지원  자금지원
529,3,1,2,742,인력확보 지원,인력확보 지원
530,1,1,2,872,정부 부처와 소통할 수 있는 창구 필요하다,정부 부처와 소통할 수 있는 창구 필요하다
531,3,1,2,102,"운영자금지원 확대,판로개척 지원",운영자금지원 확대 판로개척 지원
532,1,1,2,107,성장을 위한 자금 확보 필요,성장을 위한 자금 확보 필요
533,1,1,2,468,자금지원,자금지원
534,1,1,2,139,특정된 트랜드가 된 분야가 아닌 꾸준히 성장하는 제조분야에도 지원이 있었으면 합니다.,특정된 트랜드가 된 분야가 아닌 꾸준히 성장하는 제조분야에도 지원이 있었으면 합니다 
535,3,1,2,291,자금지원,자금지원
536,1,1,2,204,자금지원 확대,자금지원 확대
537,1,1,2,143,"자금,인력",자금 인력
538,2,1,2,716,지속적으로 자금지원이 있어야 성장할 수 있다,지속적으로 자금지원이 있어야 성장할 수 있다
539,1,1,2,591,자금지원,자금지원
540,1,1,2,872,자금 지원,자금 지원
541,3,1,2,107,"자금지원 확대, 판로개척 지원, 공공기관 우선구매지원 확대",자금지원 확대  판로개척 지원  공공기관 우선구매지원 확대
542,2,1,2,281,자금지원,자금지원
543,3,1,2,582,자금지원,자금지원
544,1,1,2,582,자금지원 확대,자금지원 확대
545,1,1,2,620,자금지원 확대,자금지원 확대
546,1,1,2,715,자금 지원,자금 지원
547,2,1,2,271,판로개척 중요하다.정부가 매칭을 잘해서 지원하는 서비스해야 한다,판로개척 중요하다 정부가 매칭을 잘해서 지원하는 서비스해야 한다
548,1,1,2,468,판로개척 등 저금리 자금지원 확대,판로개척 등 저금리 자금지원 확대
549,1,1,4,281,자금지원 확대,자금지원 확대
550,1,1,2,713,사업지원금,사업지원금
551,5,1,2,582,자금지원 확대와 홍보 지원,자금지원 확대와 홍보 지원
552,5,1,2,901,인재 양성 지원 확대,인재 양성 지원 확대
553,3,1,2,582,"자금,판로지원",자금 판로지원
554,1,1,2,289,자금 지원,자금 지원
555,3,1,2,108,인력 채용시장에 정부가 적극적으로 참여하고 지원했으면 한다,인력 채용시장에 정부가 적극적으로 참여하고 지원했으면 한다
556,1,1,2,251,판로개척 지원,판로개척 지원
557,2,1,2,264,자금지원,자금지원
558,1,1,2,264,자금지원,자금지원
559,5,1,4,161,소셜벤처기업 성장을 위한 체계적인 관리시스템 필요,소셜벤처기업 성장을 위한 체계적인 관리시스템 필요
560,1,1,2,320,자금 지원,자금 지원
561,4,1,4,479,"판로 개척, 교육이나 컨설팅 지원",판로 개척  교육이나 컨설팅 지원
562,1,1,2,582,자금지원으로 사업활성화와 기술개발 지원,자금지원으로 사업활성화와 기술개발 지원
563,3,1,2,212,과제가 많아야 한다,과제가 많아야 한다
564,1,1,2,465,"자금, 인력",자금  인력
565,1,1,2,463,자금지원,자금지원
566,2,1,2,582,자금지원,자금지원
567,2,1,2,464,자금지원 확대,자금지원 확대
568,1,1,2,721,소셜벤처에 대한 홍보 확대 바람,소셜벤처에 대한 홍보 확대 바람
569,2,1,2,479,자금조달의 편리성,자금조달의 편리성
570,3,1,2,143,자금지원 필요함,자금지원 필요함
571,2,1,2,333,판로개척 지원,판로개척 지원
572,3,1,2,139,"융통성이 없다, 필요없는 절차가 복잡하다",융통성이 없다  필요없는 절차가 복잡하다
573,3,1,2,479,자금과 인력 지원,자금과 인력 지원
574,3,1,2,339,사회인식개선과 자금지원 필요함,사회인식개선과 자금지원 필요함
575,3,1,2,467,자금지원,자금지원
576,1,1,2,582,아이디어는 많은데 자금이 부족하여 못하고 있는데 소상공인에게 자금지원 확대,아이디어는 많은데 자금이 부족하여 못하고 있는데 소상공인에게 자금지원 확대
577,4,1,4,262,자금 지원,자금 지원
578,1,1,2,204,자금지원 확대,자금지원 확대
579,1,1,2,631,자금지원 확대,자금지원 확대
580,3,1,2,701,저리 대출,저리 대출
581,1,1,2,259,자금지원과 판로개척,자금지원과 판로개척
582,1,1,2,721,자금지원,자금지원
583,1,1,2,855,자금지원 확대,자금지원 확대
584,1,1,2,582,운영자금,운영자금
585,1,1,2,262,자금,자금
586,1,1,2,461,자금지원 및 인력공급 확대,자금지원 및 인력공급 확대
587,1,1,2,872,투자 활성화 접근성 기회,투자 활성화 접근성 기회
588,1,1,2,582,정부 보조금 지원 완화,정부 보조금 지원 완화
589,3,1,2,103,자금과 판로 지원 필요함,자금과 판로 지원 필요함
590,2,1,2,732,운영자금지원,운영자금지원
591,1,1,2,461,펀드 규모 확대,펀드 규모 확대
592,1,1,2,264,자금지원 확대,자금지원 확대
593,4,1,2,713,자금지원,자금지원
594,1,1,2,107,자금지원과 판로개척지원,자금지원과 판로개척지원
595,1,1,2,582,소셜벤처에 뜻이 있는 근로자들을 고용할 수 있는 채널이 있으면 큰 도움이 될 것 같습니다.,소셜벤처에 뜻이 있는 근로자들을 고용할 수 있는 채널이 있으면 큰 도움이 될 것 같습니다 
596,1,1,2,320,자금지원 확대,자금지원 확대
597,1,1,2,339,자금지원 확대,자금지원 확대
598,1,1,2,732,운영자금지원,운영자금지원
599,1,1,2,464,자금지원 확대,자금지원 확대
600,3,1,2,11,"기술개발, 판로개척",기술개발  판로개척
601,1,1,2,582,여성 심사위원이 더 많아야 한다. 여성과 육아에 대한 감성과 교감도가 낮기 때문에 여성을 위한 프로젝트시 편견이 있어서 정확한 판별력이 떨어진다고 봄. 초기 소셜벤처 기업에 연구 자금지원 확대가 필요,여성 심사위원이 더 많아야 한다  여성과 육아에 대한 감성과 교감도가 낮기 때문에 여성을 위한 프로젝트시 편견이 있어서 정확한 판별력이 떨어진다고 봄  초기 소셜벤처 기업에 연구 자금지원 확대가 필요
602,2,1,2,222,자금 지원,자금 지원
603,2,1,2,741,사업성을 보고 지원이 필요하다. 무조건 ICT기술이 아니라고 제외 시키는데 재활용 사업성을 보고 재활용 투자가치로 무한한 매출 증가 될것을 주시해야 한다,사업성을 보고 지원이 필요하다  무조건  기술이 아니라고 제외 시키는데 재활용 사업성을 보고 재활용 투자가치로 무한한 매출 증가 될것을 주시해야 한다
604,1,1,2,291,공해관련 지원이나 자금지원 확대,공해관련 지원이나 자금지원 확대
605,4,1,2,141,자금지원,자금지원
606,1,1,2,733,자금과 판로,자금과 판로
607,4,1,2,222,자금 지원,자금 지원
608,1,1,2,107,자금적 지원,자금적 지원
609,3,1,2,739,정부지원사업 다양화,정부지원사업 다양화
610,3,1,2,591,"자금지원,인력지원 확대",자금지원 인력지원 확대
611,3,1,2,582,서류상 절차가 복잡하지 않고 판로개척지원과 자금지원 확대,서류상 절차가 복잡하지 않고 판로개척지원과 자금지원 확대
612,3,1,2,259,판로개척지원,판로개척지원
613,1,1,2,582,"소셜벤처도 사회적기업처럼 인력지원, 자금지원 확대가 필요하다",소셜벤처도 사회적기업처럼 인력지원  자금지원 확대가 필요하다
614,5,1,2,751,평가와 관련된 학습자료가 필요하다,평가와 관련된 학습자료가 필요하다
615,1,1,2,582,자금과 판로 지원,자금과 판로 지원
616,1,1,2,639,자금 지원,자금 지원
617,3,1,2,582,투자 확대,투자 확대
618,2,1,2,339,중기부 정부과제 업력이 3년이상과 매출한도가 정해져 있는데 기술력과 소셜벤처 기업에 구매조건부과제 지원사업이 활성화 되었으면 한다,중기부 정부과제 업력이 3년이상과 매출한도가 정해져 있는데 기술력과 소셜벤처 기업에 구매조건부과제 지원사업이 활성화 되었으면 한다
619,1,1,2,949,소셜벤처 기업끼리 정보 공유,소셜벤처 기업끼리 정보 공유
620,1,1,2,949,판로개척 등 자금지원 확대,판로개척 등 자금지원 확대
621,1,1,2,949,소셜벤처 판별 기준에 일원화와 소셜벤처 인식 개선 홍보,소셜벤처 판별 기준에 일원화와 소셜벤처 인식 개선 홍보
622,1,1,2,620,초기투자와 매출발생 지원,초기투자와 매출발생 지원
623,3,1,4,11,급여 지원과 자금지원 확대,급여 지원과 자금지원 확대
624,1,1,2,949,월별 지원이 연초에 몰려 있다. 12개월 다양하게 지원이 이루어져야 한다,월별 지원이 연초에 몰려 있다  12개월 다양하게 지원이 이루어져야 한다
625,1,1,2,639,소셜벤처 사회적가치와 네트워킹 접근이 어렵다,소셜벤처 사회적가치와 네트워킹 접근이 어렵다
626,1,1,2,639,자금 지원 확대,자금 지원 확대
627,1,1,2,582,"인력 제공, 저금리 자금 대출 확대",인력 제공  저금리 자금 대출 확대
628,1,1,2,582,자금지원 및 공공기관 협력해 판로개척 확대,자금지원 및 공공기관 협력해 판로개척 확대
629,3,1,2,949,"1. 소셜벤처를 이해하는 지자체 담당자 부족 및 멘토전문성 부족으로 각각 다른 방향성을 제시해 지원사업으로 진행된 멘토의 방향성에 따라 기업에 혼란을 야기하는 경우가 발생하고 있음. 2. 실제적으로 소셜벤처의 업무를 진행하고 있는 해당 정부기관 담당자들의 업부 심화교육이 필요하며, 이를 통해 기업들에게 올바른 정보를 제공해 소셜벤처가 사회에서 성장할 수 있는 기반 및 환경이 조성되어야 함. 3. 소셜벤처의 정의를 틀에 맞추어 그 틀에 있는 소셜벤처만 지원을 받는 정부주도의 소셜벤처 지원사업의 경우 소셜벤처 생태계 정착에 안좋은 영향을 줄수 있음.",1  소셜벤처를 이해하는 지자체 담당자 부족 및 멘토전문성 부족으로 각각 다른 방향성을 제시해 지원사업으로 진행된 멘토의 방향성에 따라 기업에 혼란을 야기하는 경우가 발생하고 있음  2  실제적으로 소셜벤처의 업무를 진행하고 있는 해당 정부기관 담당자들의 업부 심화교육이 필요하며  이를 통해 기업들에게 올바른 정보를 제공해 소셜벤처가 사회에서 성장할 수 있는 기반 및 환경이 조성되어야 함  3  소셜벤처의 정의를 틀에 맞추어 그 틀에 있는 소셜벤처만 지원을 받는 정부주도의 소셜벤처 지원사업의 경우 소셜벤처 생태계 정착에 안좋은 영향을 줄수 있음 
630,1,1,2,701,소셜벤처에 대한 자금지원,소셜벤처에 대한 자금지원
631,1,1,2,479,"자금지원,판로개척지원 확대",자금지원 판로개척지원 확대
632,1,1,2,949,네트워크 구축과 자금 지원,네트워크 구축과 자금 지원
633,3,1,2,721,자금지원 필요함,자금지원 필요함
634,1,1,2,582,자금지원과 투자자나 투자기관 접촉기회 활성,자금지원과 투자자나 투자기관 접촉기회 활성
635,1,1,2,461,"자금지원,마케팅지원 확대",자금지원 마케팅지원 확대
636,3,1,2,582,소셜벤처 인증 확대와 연구개발지원 확대,소셜벤처 인증 확대와 연구개발지원 확대
637,1,4,1,742,각 지자체에서 사회적 기업에 관심을 가져주고 우선적으로 구매 확대 바람,각 지자체에서 사회적 기업에 관심을 가져주고 우선적으로 구매 확대 바람
638,3,4,1,285,지원금 확대,지원금 확대
639,5,3,1,383,운영자금 지원,운영자금 지원
640,1,4,1,742,자금 확대 지원,자금 확대 지원
641,3,2,1,466,"자금 지원 확대와 제품에 성능을 보고 시제품 제작 지원, 홍보 지원 필요",자금 지원 확대와 제품에 성능을 보고 시제품 제작 지원  홍보 지원 필요
642,3,2,1,259,"자금, 인력",자금  인력
643,1,1,1,171,법적인 규제 완화,법적인 규제 완화
644,4,1,1,591,소셜벤처기업 전폭적인 자금 지원 및 판로개척 지원 확대,소셜벤처기업 전폭적인 자금 지원 및 판로개척 지원 확대
645,1,1,1,582,소셜벤처에 대한 홍보 확대,소셜벤처에 대한 홍보 확대
646,1,1,1,639,자금 지원 확대와 소셜벤처 기업 이미지 홍보,자금 지원 확대와 소셜벤처 기업 이미지 홍보
647,1,1,1,107,기업내용이 서류상으로 보여지는 것으로만 평가되지않고 지속적인 사업을 위해서는 지원사업이 6개월 보다 길게 1년이상 되어야 제품개발사업을 지속적으로 할 수 있는 점,기업내용이 서류상으로 보여지는 것으로만 평가되지않고 지속적인 사업을 위해서는 지원사업이 6개월 보다 길게 1년이상 되어야 제품개발사업을 지속적으로 할 수 있는 점
648,1,1,1,582,저금리 자금지원 확대,저금리 자금지원 확대
649,1,1,2,339,자금지원,자금지원
650,1,2,3,561,정부지원 자금 확대 및 마케팅 지원 확대,정부지원 자금 확대 및 마케팅 지원 확대
651,1,1,1,639,신제품 개발시 자금지원 확대,신제품 개발시 자금지원 확대
652,1,1,1,582,투자자나 투자기관 접촉 기회 제공,투자자나 투자기관 접촉 기회 제공
653,3,1,1,751,업무공간 확보와 자금 지원,업무공간 확보와 자금 지원
654,1,1,1,582,기술적으로 협업할 수 있는 인력 지원이나 저금리 자금 지원,기술적으로 협업할 수 있는 인력 지원이나 저금리 자금 지원
655,1,1,1,334,자금지원과 행정서비스 지원,자금지원과 행정서비스 지원
656,1,1,1,901,"네트워킹, 기술개발자금지원",네트워킹  기술개발자금지원
657,1,1,1,639,자금을 국가적으로 지원 확대,자금을 국가적으로 지원 확대
658,1,1,1,339,공공기관이나 대기업에게 고정적으로 납품할 수 있는 환경을 만들어 주었으면 한다,공공기관이나 대기업에게 고정적으로 납품할 수 있는 환경을 만들어 주었으면 한다
659,1,1,1,631,진해하면서 예상 이외의 지출이 많아지는 상황이다. 지속적으로 성장 계발 할 수 있는 지원이 필요할 것 같다. 누군가에게 꼭 필요한 자금 지원을 부정한 방법으로 사업비를 빼돌리는 사례 들었다. 자금 집행 후 돈을 다시 돌려 받는 등 이러한 부정한 행위를 근절할 수 있는 대책이 필요할 듯 하다.,진해하면서 예상 이외의 지출이 많아지는 상황이다  지속적으로 성장 계발 할 수 있는 지원이 필요할 것 같다  누군가에게 꼭 필요한 자금 지원을 부정한 방법으로 사업비를 빼돌리는 사례 들었다  자금 집행 후 돈을 다시 돌려 받는 등 이러한 부정한 행위를 근절할 수 있는 대책이 필요할 듯 하다 
660,3,1,2,969,판로개척지원,판로개척지원
661,1,4,2,582,자금지원,자금지원
662,5,5,2,213,연구개발 지원 확대,연구개발 지원 확대
663,1,4,2,701,인력난 지원,인력난 지원
664,1,4,2,582,"자금,판로 지원",자금 판로 지원
665,3,4,2,204,자금지원 확대,자금지원 확대
666,1,3,2,855,자금지원,자금지원
667,2,3,2,284,"자금지원 확대,판로 지원",자금지원 확대 판로 지원
668,1,3,2,639,정부지원금 완화,정부지원금 완화
669,1,3,2,131,자금 지원,자금 지원
670,1,3,2,701,"소셜벤처의 사업적 잠재력(매출등)이 일반 기업에 비해 부족하기 때문에, 이들 소셜벤처를 위한 투자재원(펀드)가 충분히 공공영역에서 조성될 필요가 있습니다.",소셜벤처의 사업적 잠재력 매출등 이 일반 기업에 비해 부족하기 때문에  이들 소셜벤처를 위한 투자재원 펀드 가 충분히 공공영역에서 조성될 필요가 있습니다 
671,1,3,2,281,판로 지원,판로 지원
672,1,3,2,701,연구개발 지원,연구개발 지원
673,1,3,2,582,자금지원,자금지원
674,1,3,2,639,자금지원,자금지원
675,1,3,2,582,자금지원,자금지원
676,3,3,2,311,자금지원 확대,자금지원 확대
677,1,2,2,620,자금지원 확대,자금지원 확대
678,3,2,2,582,"자금에 대한 운영 및 지원이 필요하며, 지속성장 가능한 임팩트 투자의 연결이 필요",자금에 대한 운영 및 지원이 필요하며  지속성장 가능한 임팩트 투자의 연결이 필요
679,1,2,2,715,"정책적인 지원, 규제완화",정책적인 지원  규제완화
680,1,2,2,631,"다양한 지원프로그램이 있었으면 좋겠고, 여러 제한(규모, 업력 등)이 줄어들면 좋겠습니다.",다양한 지원프로그램이 있었으면 좋겠고  여러 제한 규모  업력 등 이 줄어들면 좋겠습니다 
681,5,2,2,591,"먼저, 소셜벤처가 기술기반 벤처에 비해 VC들의 관심도가 낮으며, 성장지표 (매출, 사용자 등)를 주요 평가 지표에 의해 모든 지원사업의 선정 및 자금 배분이 이루어지는 점이 아쉽다. 소셜벤처만의 투자 및 지원 생태계가 확대되어 소셜 벤처의 역량을 평가하는 좀 더 발전된 성장지원 방식이 필요하다고 생각함.",먼저  소셜벤처가 기술기반 벤처에 비해  들의 관심도가 낮으며  성장지표  매출  사용자 등 를 주요 평가 지표에 의해 모든 지원사업의 선정 및 자금 배분이 이루어지는 점이 아쉽다  소셜벤처만의 투자 및 지원 생태계가 확대되어 소셜 벤처의 역량을 평가하는 좀 더 발전된 성장지원 방식이 필요하다고 생각함 
682,1,2,2,701,운영자금,운영자금
683,2,2,2,291,자금지원,자금지원
684,1,2,2,639,보증 및 대출을 통한 자금지원이 더 필요합니다.,보증 및 대출을 통한 자금지원이 더 필요합니다 
685,2,2,2,261,기술개발 자금 지원,기술개발 자금 지원
686,1,2,2,872,공공부문에서 가격경쟁력이 어렵다. 인건비 지원 필요,공공부문에서 가격경쟁력이 어렵다  인건비 지원 필요
687,2,2,2,108,중간지원조직에 투자 원활,중간지원조직에 투자 원활
688,1,2,2,291,자금지원,자금지원
689,1,2,2,639,새로운 기술이 사회적 문제 해결을 할 수 있는 법령개정이 되고 규제 개선 완화,새로운 기술이 사회적 문제 해결을 할 수 있는 법령개정이 되고 규제 개선 완화
690,1,2,2,172,자금 지원,자금 지원
691,3,2,2,582,자금지원과 인력확보,자금지원과 인력확보
692,1,2,2,271,"규제완화, 자금지원시 증빙서류 간소화",규제완화  자금지원시 증빙서류 간소화
693,1,2,2,479,자금 지원,자금 지원
694,3,2,2,701,자금지원 확대,자금지원 확대
695,1,2,2,582,"마케팅비가 많이 들어가기때문에 기업 혹은 사업 홍보를 해주거나, 홍보비를 지원해준다. 또한, 기술개발(R&D)지원비 제공, 공간 제공(예를 들어 영업 이익이 발생할때 까지 임대료의 절반만 납부) 등의 방식으로 지원해주면 좋겠다.",마케팅비가 많이 들어가기때문에 기업 혹은 사업 홍보를 해주거나  홍보비를 지원해준다  또한  기술개발 지원비 제공  공간 제공 예를 들어 영업 이익이 발생할때 까지 임대료의 절반만 납부  등의 방식으로 지원해주면 좋겠다 
696,1,2,2,582,자금 지원,자금 지원
697,1,2,2,222,자금 지원,자금 지원
698,1,2,2,701,자금지원 확대,자금지원 확대
699,1,2,2,631,소셜벤처에 대한 별도의 정책자금을 마련하여 자금적으로 성장을 지원하는 것이 필요한,소셜벤처에 대한 별도의 정책자금을 마련하여 자금적으로 성장을 지원하는 것이 필요한
700,1,2,2,701,"고급인력 지원, 자금",고급인력 지원  자금
701,1,2,2,701,자금지원,자금지원
702,3,2,2,701,연구개발 인력 확보와 연구개발 비용 지원,연구개발 인력 확보와 연구개발 비용 지원
703,1,2,2,701,자금,자금
704,5,2,2,111,마케팅이나 판로개척 지원,마케팅이나 판로개척 지원
705,1,1,2,271,"자금, 판로",자금  판로
706,1,1,2,31,자금 지원,자금 지원
707,1,1,2,479,자금지원 확보,자금지원 확보
708,1,5,2,204,인력제공 및 저금리 대출 확대,인력제공 및 저금리 대출 확대
709,1,4,2,291,정부지원 사업 증가,정부지원 사업 증가
710,1,4,2,281,기술개발 자금 지원,기술개발 자금 지원
711,3,4,2,132,시설투자 보조금,시설투자 보조금
712,2,2,1,857,지방 기업에 인력 지원 확대,지방 기업에 인력 지원 확대
713,2,2,1,739,자금지원,자금지원
714,1,1,1,701,창업 지원자금 지원 확대,창업 지원자금 지원 확대
715,5,4,2,381,소셜벤처에 대한 홍보 및 자금지원 확대,소셜벤처에 대한 홍보 및 자금지원 확대
716,3,4,2,292,"판로개척 지원, 저금리 자금 지원 확대",판로개척 지원  저금리 자금 지원 확대
717,1,4,2,715,전략 및 실행컨설팅 서비스 제공 확대,전략 및 실행컨설팅 서비스 제공 확대
718,1,4,2,251,자금조달 지원 인력 지원,자금조달 지원 인력 지원
719,5,4,2,11,소셜벤처 육성이나 멘토링 등 홍보 확대,소셜벤처 육성이나 멘토링 등 홍보 확대
720,2,4,2,721,인력지원 및 판로개척 확대,인력지원 및 판로개척 확대
721,1,4,2,351,보유한 기술에 대한 평가를 지원하고 높은 기술력을 가진 곳에 대하여 신용도와 별도의 자금조달이 지원되어야 함,보유한 기술에 대한 평가를 지원하고 높은 기술력을 가진 곳에 대하여 신용도와 별도의 자금조달이 지원되어야 함
722,1,3,2,172,지원금 증가,지원금 증가
723,1,3,2,639,"자생을 준비할 수 있는 정도의 일정 공간과 비용 지원, 영구적인 지원은 오히려 생태계를 망칩니다.",자생을 준비할 수 있는 정도의 일정 공간과 비용 지원  영구적인 지원은 오히려 생태계를 망칩니다 
724,4,3,2,721,창업에 필요한 자금지원 확대,창업에 필요한 자금지원 확대
725,2,3,2,202,인건비 지원,인건비 지원
726,1,3,2,582,자금+인력 지원,자금 인력 지원
727,1,3,2,464,정부보조금 자금지원 확대,정부보조금 자금지원 확대
728,1,3,2,701,자금지원이나 인력지원 확대,자금지원이나 인력지원 확대
729,4,2,2,465,"자금지원, 판로개척 지원 확대",자금지원  판로개척 지원 확대
730,1,2,2,264,판로개척 지원 및 자금지원 확대,판로개척 지원 및 자금지원 확대
731,1,2,2,222,자금지원이나 판로개척 지원 확대,자금지원이나 판로개척 지원 확대
732,4,2,4,422,인력 지원 및 정부 보조금 지원 확대,인력 지원 및 정부 보조금 지원 확대
733,2,2,2,291,"소셜벤처, 임팩트투자기관, 중간지원조직, 연구·교육, 대기업, 공공기관 등 다양한 기관들이 참여하는 프로그램을 통해 소셜벤처 생태계에 대한 조언 및 협력방안을 논의할 수 있는 기회가 있기를 희망합니다. 또한, 법률, 투자, 재무·컨설팅 분야의 전문가들에게 바로바로 상담받을 수 있는 창구가 있으면 좋을 것 같습니다.",소셜벤처  임팩트투자기관  중간지원조직  연구 교육  대기업  공공기관 등 다양한 기관들이 참여하는 프로그램을 통해 소셜벤처 생태계에 대한 조언 및 협력방안을 논의할 수 있는 기회가 있기를 희망합니다  또한  법률  투자  재무 컨설팅 분야의 전문가들에게 바로바로 상담받을 수 있는 창구가 있으면 좋을 것 같습니다 
734,1,2,2,582,소셜벤처에 대한 홍보 확대 및 정부 보조금 지원기간 완화,소셜벤처에 대한 홍보 확대 및 정부 보조금 지원기간 완화
735,3,2,2,661,핀테크부분 규제완화,핀테크부분 규제완화
736,1,2,2,582,기업별로 기업의 사회적 가치 실현 자체 보다 실질적으로 경제적인 관점에서 경쟁력이 있는 상품/서비스인지 파악이 필요하므로 우선 자가진단 컨설팅이 있으면 도움이 될 것 같습니다. 자금지원도 한 쪽으로 쏠린 기업을 제외하고 혁신성과 사회성 모두 갖추고 있는 기업에게 우선 지원이 필요할 것으로 생각됩니다. 또한 인증/평가/판별 제도가 아닌 등록제로 변경하여 일반 기업도 사회적인 미션을 실현하고 있다면 모두 소셜벤처로 간주할 필요성이 있습니다.,기업별로 기업의 사회적 가치 실현 자체 보다 실질적으로 경제적인 관점에서 경쟁력이 있는 상품 서비스인지 파악이 필요하므로 우선 자가진단 컨설팅이 있으면 도움이 될 것 같습니다  자금지원도 한 쪽으로 쏠린 기업을 제외하고 혁신성과 사회성 모두 갖추고 있는 기업에게 우선 지원이 필요할 것으로 생각됩니다  또한 인증 평가 판별 제도가 아닌 등록제로 변경하여 일반 기업도 사회적인 미션을 실현하고 있다면 모두 소셜벤처로 간주할 필요성이 있습니다 
737,1,2,2,172,자금 지원,자금 지원
738,2,2,2,239,자금,자금
739,3,2,2,582,안정적인 자금지원,안정적인 자금지원
740,5,2,2,582,자금지원 확대,자금지원 확대
741,1,2,2,271,"자금,인력",자금 인력
742,1,2,2,721,자금지원 및 분야별 가치평가 전문성 확보,자금지원 및 분야별 가치평가 전문성 확보
743,1,2,2,591,소셜벤처 가치인식의 제고와 자금지원과 판로개척지원을 통한 소셜벤처 활성화 방안 강구,소셜벤처 가치인식의 제고와 자금지원과 판로개척지원을 통한 소셜벤처 활성화 방안 강구
744,2,2,2,282,인력 지원,인력 지원
745,2,2,2,107,자금 지원,자금 지원
746,1,2,2,284,"과제 지원,자금 지원",과제 지원 자금 지원
747,1,2,2,582,자금지원 확대,자금지원 확대
748,1,2,2,132,"각 소설벤처업체가 가진 미션이 어떤 사회적가치가 있으며, 가치를 창출하는 회사들이 미션을 위해 어떤 방식으로 운영을 하는지에 대한 적극적홍보가 필요하다고 생각합니다. 이 홍보의 목적은 소비자의 인식개선에 있으며, 소셜벤처기업과 제품에 좋은 이미지를 소비자에게 전달하여 소비자로부터 호응을 받는다면 소셜벤처기업의 성장속도는 파급력이 있을것으로 판단됩니다.",각 소설벤처업체가 가진 미션이 어떤 사회적가치가 있으며  가치를 창출하는 회사들이 미션을 위해 어떤 방식으로 운영을 하는지에 대한 적극적홍보가 필요하다고 생각합니다  이 홍보의 목적은 소비자의 인식개선에 있으며  소셜벤처기업과 제품에 좋은 이미지를 소비자에게 전달하여 소비자로부터 호응을 받는다면 소셜벤처기업의 성장속도는 파급력이 있을것으로 판단됩니다 
749,1,2,2,233,자금 지원,자금 지원
750,1,2,2,271,자금,자금
751,1,2,2,582,소셜벤처기업 홍보 확대,소셜벤처기업 홍보 확대
752,1,2,2,582,기술개발 자금 지원,기술개발 자금 지원
753,1,2,2,612,자금지원 확대,자금지원 확대
754,5,2,2,339,"자금,인력",자금 인력
755,1,2,2,857,자금지원 확대,자금지원 확대
756,1,2,2,701,자금 지원,자금 지원
757,4,2,2,232,운영자금,운영자금
758,3,2,2,204,자금 지원,자금 지원
759,1,2,2,291,자금지원 확대,자금지원 확대
760,3,2,2,701,성장을 위한 네트워크 협력구축 강화,성장을 위한 네트워크 협력구축 강화
761,1,2,2,701,소셜임팩트를 중심으로 풍부한 자금지원과 적극적인 관련 네트워크 연결을 해주시면 감사하겠습니다.,소셜임팩트를 중심으로 풍부한 자금지원과 적극적인 관련 네트워크 연결을 해주시면 감사하겠습니다 
762,1,2,2,582,소셜벤처간의 협업이 원활히 이루어 질 수 있는 매개(체)가 있으면 좋겠습니다.,소셜벤처간의 협업이 원활히 이루어 질 수 있는 매개 체 가 있으면 좋겠습니다 
763,2,2,2,264,자금지원,자금지원
764,1,2,2,289,"정부에서 우선 구매 지원 필요와 사업에 홍보 지원, 장애인에게 필요한 물품에 더 많은 관심과 지원 필요",정부에서 우선 구매 지원 필요와 사업에 홍보 지원  장애인에게 필요한 물품에 더 많은 관심과 지원 필요
765,1,2,2,582,자금,자금
766,1,2,2,262,소셜벤처 기업지원에 대한 정책이 많이 나오고 자금지원 확대,소셜벤처 기업지원에 대한 정책이 많이 나오고 자금지원 확대
767,1,2,2,107,스타트업이나 사회적 기업 판로 지원,스타트업이나 사회적 기업 판로 지원
768,1,1,2,339,자금지원,자금지원
769,1,1,2,422,자금지원,자금지원
770,2,1,2,303,자금지원,자금지원
771,3,1,2,582,자금지원 확대 홍보 강화,자금지원 확대 홍보 강화
772,2,1,2,582,사회적 기업으로 등록되면 투자 사회에(매출) 모두 기부해야 하는데 개선 필요,사회적 기업으로 등록되면 투자 사회에 매출  모두 기부해야 하는데 개선 필요
773,1,1,2,292,자금,자금
774,1,1,2,912,자금 지원,자금 지원
775,1,1,2,582,자금지원 확대,자금지원 확대
776,1,1,2,291,자금지원,자금지원
777,1,1,2,582,자금지원 확대,자금지원 확대
778,3,1,2,251,자금 지원,자금 지원
779,1,1,2,701,자금지원,자금지원
780,1,1,2,179,소셜벤처의 의미를 제대로 이해하고 성과 위주보단 성장 과정을 살표보는 평가가 필요하다.,소셜벤처의 의미를 제대로 이해하고 성과 위주보단 성장 과정을 살표보는 평가가 필요하다 
781,1,1,2,713,자금 지원,자금 지원
782,3,1,2,582,자금지원 확대,자금지원 확대
783,3,1,2,262,운영자금 지원,운영자금 지원
784,1,1,2,592,자금 지원,자금 지원
785,1,4,1,141,인력지원,인력지원
786,1,5,2,272,알앤디지원,알앤디지원
787,2,4,2,291,소셜벤처r&d지원,소셜벤처 지원
788,3,5,2,233,홍보,홍보
789,3,5,1,259,자금지원확대,자금지원확대
790,1,4,2,263,자금지원,자금지원
791,2,4,2,582,"소셜벤처로서 사회적가치 추구와 사회적 문제해결이라는 사회성에 대해 사회적기업처럼 주기적으로 철저히 검증하며, 상시적으로 점검해야 합니다. 무늬만 사회성을 표방하는 소셜벤처기업은 벤처기업을 하도록 해야할 것입니다. 그리고 사회적가치 추구를 하는 소셜벤처가 유망한 사업을 추진할 경우에는 기존 정책보증이 있더라도 투자적인 정책보증을 해주어 해당 사회적가치가 성장하도록 해주면 좋겠습니다.",소셜벤처로서 사회적가치 추구와 사회적 문제해결이라는 사회성에 대해 사회적기업처럼 주기적으로 철저히 검증하며  상시적으로 점검해야 합니다  무늬만 사회성을 표방하는 소셜벤처기업은 벤처기업을 하도록 해야할 것입니다  그리고 사회적가치 추구를 하는 소셜벤처가 유망한 사업을 추진할 경우에는 기존 정책보증이 있더라도 투자적인 정책보증을 해주어 해당 사회적가치가 성장하도록 해주면 좋겠습니다 
792,3,4,1,134,자금지원확대,자금지원확대
793,4,5,3,101,홍보,홍보
794,3,2,1,101,창업육성 자금지원,창업육성 자금지원
795,1,1,1,582,1. 소셜벤처 간 시너지 효과를 낼 수 있도록 네트워킹 지원 2. 소셜벤처 전용 자금지원 3. 소셜벤처에 대한 홍보,1  소셜벤처 간 시너지 효과를 낼 수 있도록 네트워킹 지원 2  소셜벤처 전용 자금지원 3  소셜벤처에 대한 홍보
796,1,4,2,721,홍보,홍보
797,1,4,2,582,소셜벤처인식계선,소셜벤처인식계선
798,5,3,2,713,자금지원,자금지원
799,3,3,2,181,홍보,홍보
800,4,3,2,107,홍보,홍보
801,1,3,2,729,자금지원확대,자금지원확대
802,3,3,2,139,자금지원,자금지원
803,1,3,2,713,지금까지 여러 기관과 단체를 통해 많은 도움을 받았습니다. 앞으로도 소셜벤처가 가지고 있는 기술과 인력을 활용해 매출을 늘릴 수 있는 기회가 더 많아졌으면 좋겠습니다. 또한 최근 소셜 업체들과의 콜라보를 통한 브랜드 런칭과 판매를 진행하고 있습니다. 이러한 기회가 많아졌으면 좋겠습니다.,지금까지 여러 기관과 단체를 통해 많은 도움을 받았습니다  앞으로도 소셜벤처가 가지고 있는 기술과 인력을 활용해 매출을 늘릴 수 있는 기회가 더 많아졌으면 좋겠습니다  또한 최근 소셜 업체들과의 콜라보를 통한 브랜드 런칭과 판매를 진행하고 있습니다  이러한 기회가 많아졌으면 좋겠습니다 
804,5,3,2,582,자금지원확대,자금지원확대
805,3,3,2,383,"사회가치 측정의 명확화, 사회가치 확장을 위한 융자 및 투자지원",사회가치 측정의 명확화  사회가치 확장을 위한 융자 및 투자지원
806,1,3,2,471,자금지원,자금지원
807,1,2,2,112,소셜에필요한자금지원,소셜에필요한자금지원
808,1,2,2,264,자금투자지원,자금투자지원
809,1,2,2,952,"임팩트 투자가 부상하고 있지만, 아직까지는 상기업 평가 방식의 투자 기준으로 소셜벤처가 투자를 받는 것은 어렵다.  VC와 투자자를 만났을 때 소셜벤처의 가치 측정 기준을 제시할 수 있는 Standard를 만들어줬으면 한다.",임팩트 투자가 부상하고 있지만  아직까지는 상기업 평가 방식의 투자 기준으로 소셜벤처가 투자를 받는 것은 어렵다    와 투자자를 만났을 때 소셜벤처의 가치 측정 기준을 제시할 수 있는  를 만들어줬으면 한다 
810,1,2,2,141,지원정책,지원정책
811,1,2,2,582,자금 조달,자금 조달
812,1,2,2,339,중간지원조직을 찾고 싶어도 정보를 찾기가 쉽지않다,중간지원조직을 찾고 싶어도 정보를 찾기가 쉽지않다
813,5,2,2,872,성장단계에 필요한 자금지원이 제일 중요하고 연구가능한 기술개발 지원이필요합니다,성장단계에 필요한 자금지원이 제일 중요하고 연구가능한 기술개발 지원이필요합니다
814,1,2,2,204,창업에 필요한자금지원,창업에 필요한자금지원
815,1,2,2,713,홍보와 자금지원,홍보와 자금지원
816,1,1,2,582,소셜벤처 별도 인증(사회적기업과 별도) 소셜벤처 관련 조달조건 완화와 지자체 수의계약 완화 혁신제품 도입을 한 기관에 헤택 제공,소셜벤처 별도 인증 사회적기업과 별도  소셜벤처 관련 조달조건 완화와 지자체 수의계약 완화 혁신제품 도입을 한 기관에 헤택 제공
817,3,1,2,204,판로확대와 우리처럼 제조를 하는 기업에서는 공장형의 사무실이 필요합니다. 기업의 적극적으로 사업을 해 볼 수 있도록 정부에서 지원하는 공간이 있었으면 좋겠습니다.,판로확대와 우리처럼 제조를 하는 기업에서는 공장형의 사무실이 필요합니다  기업의 적극적으로 사업을 해 볼 수 있도록 정부에서 지원하는 공간이 있었으면 좋겠습니다 
818,1,1,3,949,소셜벤처 홍보와 지원책,소셜벤처 홍보와 지원책
819,1,2,2,582,자금투자,자금투자
820,1,2,2,202,자금 지원,자금 지원
821,1,2,2,319,창업에필요한 자금지원,창업에필요한 자금지원
822,3,2,2,639,자금 지원,자금 지원
823,1,2,2,582,소셜벤처전용R&D지원,소셜벤처전용 지원
824,2,2,2,381,창업에필요한투자자금지원,창업에필요한투자자금지원
825,3,4,2,582,네트워크구축과협력,네트워크구축과협력
826,1,3,2,285,네트웍크 구축,네트웍크 구축
827,1,3,2,857,충분한 자금지원정책,충분한 자금지원정책
828,1,2,2,139,자금 마케팅,자금 마케팅
829,1,2,2,582,창업에필요한자금지원,창업에필요한자금지원
830,1,2,2,203,1. 제대로 된 소셜벤처와 아이템을 발굴해서 집중적인 지원이 필요합니다. 2. 지원금을 받기 위한 급조된 조직이나 미봉책으로 소셜벤처에 발붙이지 못하도록 철저한 검증과 대표자의 가치관을 확인해야 합니다 3. 1박2일 워크샵을 통해서 각자 보유하고 있는 기술과 아이템에 관하여 참가자들끼리 자유롭게 토론하고 검증받는 자리를 마련해야 합니다. 워크샵 도중 사전 예고 없이 돌발적인 발표 순서를 진행하여 진실성과 기술력 그리고 준비성등을 확인하고 이러한 과정을 통하여 선정된 소셜벤처기업에 대해서는 과감한 투자와 지원이 이루어져야 우리 사회에 필요한 제대로 된 소셜벤처기업이 성장할 수 있을것이라 생각됩니다,1  제대로 된 소셜벤처와 아이템을 발굴해서 집중적인 지원이 필요합니다  2  지원금을 받기 위한 급조된 조직이나 미봉책으로 소셜벤처에 발붙이지 못하도록 철저한 검증과 대표자의 가치관을 확인해야 합니다 3  1박2일 워크샵을 통해서 각자 보유하고 있는 기술과 아이템에 관하여 참가자들끼리 자유롭게 토론하고 검증받는 자리를 마련해야 합니다  워크샵 도중 사전 예고 없이 돌발적인 발표 순서를 진행하여 진실성과 기술력 그리고 준비성등을 확인하고 이러한 과정을 통하여 선정된 소셜벤처기업에 대해서는 과감한 투자와 지원이 이루어져야 우리 사회에 필요한 제대로 된 소셜벤처기업이 성장할 수 있을것이라 생각됩니다
831,1,2,2,856,소셜임팩트개념과 인식의 변화가 필요하다고 생각함 취약계층 고용도 중요하지만 전문성이 필요한 산업은 고용인력이 제한적이기때문에 제조(기술)산업분야의 세분화가 필요함   투자관점에서는 기술적 가치가 있는 기업도 사회적기업으로 인정받을수 있도록 해주길 바랍니다,소셜임팩트개념과 인식의 변화가 필요하다고 생각함 취약계층 고용도 중요하지만 전문성이 필요한 산업은 고용인력이 제한적이기때문에 제조 기술 산업분야의 세분화가 필요함   투자관점에서는 기술적 가치가 있는 기업도 사회적기업으로 인정받을수 있도록 해주길 바랍니다
